Time,Temperature,Humidity,Methane
09/04/21 03:42AM,28.8,82.8,611
09/04/21 03:42AM,28.8,82.8,593
09/04/21 03:42AM,28.8,82.9,593
09/04/21 03:42AM,28.8,82.9,592
09/04/21 03:42AM,28.8,82.9,593
09/04/21 03:42AM,28.8,82.9,596
09/04/21 03:42AM,28.9,82.9,593
09/04/21 03:42AM,28.9,82.9,595
09/04/21 03:42AM,28.8,82.9,593
09/04/21 03:42AM,28.8,82.9,595
09/04/21 03:42AM,28.9,82.9,593
09/04/21 03:42AM,28.9,82.9,595
09/04/21 03:42AM,28.9,82.9,593
09/04/21 03:42AM,28.9,82.9,595
09/04/21 03:42AM,28.9,82.8,593
09/04/21 03:42AM,28.9,82.8,595
09/04/21 03:42AM,28.9,82.8,593
09/04/21 03:42AM,28.9,82.8,594
09/04/21 03:42AM,28.8,82.8,594
09/04/21 03:42AM,28.8,82.8,593
09/04/21 03:42AM,28.9,82.8,593
09/04/21 03:43AM,28.9,82.8,595
09/04/21 03:43AM,28.9,82.8,595
09/04/21 03:43AM,28.9,82.7,593
09/04/21 03:43AM,28.9,82.7,596
09/04/21 03:43AM,28.9,82.7,593
09/04/21 03:43AM,28.9,82.7,597
09/04/21 03:43AM,28.9,82.7,592
09/04/21 03:43AM,28.9,82.7,595
09/04/21 03:43AM,28.9,82.7,593
09/04/21 03:43AM,28.9,82.7,593
09/04/21 03:43AM,28.9,82.7,597
09/04/21 03:43AM,28.9,82.7,593
09/04/21 03:43AM,28.9,82.7,597
09/04/21 03:43AM,28.9,82.7,593
09/04/21 03:43AM,28.9,82.7,595
09/04/21 03:43AM,28.9,82.7,594
09/04/21 03:43AM,28.9,82.7,594
09/04/21 03:43AM,28.9,82.6,593
09/04/21 03:43AM,28.9,82.6,593
09/04/21 03:43AM,28.9,82.6,597
09/04/21 03:43AM,28.9,82.6,593
09/04/21 03:43AM,28.9,82.6,597
09/04/21 03:43AM,28.9,82.7,592
09/04/21 03:43AM,28.9,82.7,595
09/04/21 03:43AM,28.9,82.7,592
09/04/21 03:43AM,28.9,82.7,596
09/04/21 03:43AM,28.9,82.6,593
09/04/21 03:43AM,28.9,82.6,595
09/04/21 03:43AM,28.9,82.6,593
09/04/21 03:43AM,28.9,82.6,593
09/04/21 03:43AM,28.9,82.6,593
09/04/21 03:43AM,28.9,82.6,591
09/04/21 03:43AM,28.9,82.6,593
09/04/21 03:43AM,28.9,82.6,596
09/04/21 03:43AM,28.9,82.6,593
09/04/21 03:43AM,28.9,82.6,595
09/04/21 03:43AM,28.9,82.7,592
09/04/21 03:43AM,28.9,82.7,593
09/04/21 03:43AM,28.9,82.7,593
09/04/21 03:43AM,28.9,82.7,597
09/04/21 03:43AM,28.9,82.6,593
09/04/21 03:43AM,28.9,82.6,596
09/04/21 03:43AM,28.9,82.6,595
09/04/21 03:43AM,28.9,82.6,593
09/04/21 03:43AM,28.9,82.6,593
09/04/21 03:43AM,28.9,82.6,593
09/04/21 03:43AM,28.9,82.6,594
09/04/21 03:44AM,28.9,82.6,593
09/04/21 03:44AM,28.9,82.6,597
09/04/21 03:44AM,28.9,82.6,593
09/04/21 03:44AM,28.9,82.6,594
09/04/21 03:44AM,28.9,82.6,593
09/04/21 03:44AM,28.9,82.6,595
09/04/21 03:44AM,28.9,82.6,593
09/04/21 03:44AM,28.9,82.6,595
09/04/21 03:44AM,28.9,82.6,593
09/04/21 03:44AM,28.9,82.6,595
09/04/21 03:44AM,28.9,82.6,594
09/04/21 03:44AM,28.9,82.6,593
09/04/21 03:44AM,28.9,82.6,594
09/04/21 03:44AM,28.9,82.6,593
09/04/21 03:44AM,28.9,82.6,593
09/04/21 03:44AM,28.9,82.6,593
09/04/21 03:44AM,28.9,82.6,597
09/04/21 03:44AM,28.9,82.6,593
09/04/21 03:44AM,28.9,82.6,596
09/04/21 03:44AM,28.9,82.6,593
09/04/21 03:44AM,28.9,82.6,596
09/04/21 03:44AM,28.9,82.6,593
09/04/21 03:44AM,28.9,82.6,596
09/04/21 03:44AM,28.9,82.6,593
09/04/21 03:44AM,28.9,82.6,593
09/04/21 03:44AM,28.9,82.6,597
09/04/21 03:44AM,28.9,82.6,593
09/04/21 03:44AM,28.9,82.6,596
09/04/21 03:44AM,28.9,82.6,595
09/04/21 03:44AM,28.9,82.6,593
09/04/21 03:44AM,28.9,82.6,595
09/04/21 03:44AM,28.9,82.6,594
09/04/21 03:44AM,28.9,82.6,592
09/04/21 03:44AM,29,82.6,593
09/04/21 03:44AM,29,82.6,598
09/04/21 03:44AM,28.9,82.6,593
09/04/21 03:44AM,28.9,82.6,596
09/04/21 03:44AM,28.9,82.6,593
09/04/21 03:44AM,28.9,82.6,595
09/04/21 03:44AM,28.9,82.6,593
09/04/21 03:44AM,28.9,82.6,596
09/04/21 03:44AM,28.9,82.6,593
09/04/21 03:44AM,28.9,82.6,596
09/04/21 03:44AM,29,82.6,592
09/04/21 03:44AM,29,82.6,594
09/04/21 03:44AM,28.9,82.6,592
09/04/21 03:45AM,28.9,82.6,593
09/04/21 03:45AM,28.9,82.6,593
09/04/21 03:45AM,28.9,82.6,597
09/04/21 03:45AM,28.9,82.6,593
09/04/21 03:45AM,28.9,82.6,595
09/04/21 03:45AM,28.9,82.6,593
09/04/21 03:45AM,28.9,82.6,592
09/04/21 03:45AM,28.9,82.6,593
09/04/21 03:45AM,28.9,82.6,596
09/04/21 03:45AM,28.9,82.6,593
09/04/21 03:45AM,28.9,82.6,597
09/04/21 03:45AM,29,82.6,593
09/04/21 03:45AM,29,82.6,595
09/04/21 03:45AM,29,82.6,593
09/04/21 03:45AM,29,82.6,593
09/04/21 03:45AM,29,82.5,593
09/04/21 03:45AM,29,82.5,594
09/04/21 03:45AM,29,82.6,593
09/04/21 03:45AM,29,82.6,596
09/04/21 03:45AM,28.9,82.5,594
09/04/21 03:45AM,28.9,82.5,594
09/04/21 03:45AM,29,82.5,594
09/04/21 03:45AM,29,82.5,595
09/04/21 03:45AM,28.9,82.5,593
09/04/21 03:45AM,28.9,82.5,594
09/04/21 03:45AM,28.9,82.5,593
09/04/21 03:45AM,28.9,82.5,597
09/04/21 03:45AM,29,82.5,593
09/04/21 03:45AM,29,82.5,595
09/04/21 03:45AM,29,82.5,593
09/04/21 03:45AM,29,82.5,596
09/04/21 03:45AM,28.9,82.5,593
09/04/21 03:45AM,28.9,82.5,595
09/04/21 03:45AM,28.9,82.5,593
09/04/21 03:45AM,28.9,82.5,593
09/04/21 03:45AM,28.9,82.5,593
09/04/21 03:45AM,28.9,82.5,596
09/04/21 03:45AM,28.9,82.5,593
09/04/21 03:45AM,28.9,82.5,597
09/04/21 03:45AM,29,82.5,593
09/04/21 03:45AM,29,82.5,595
09/04/21 03:45AM,29,82.5,593
09/04/21 03:45AM,29,82.5,593
09/04/21 03:45AM,29,82.5,594
09/04/21 03:45AM,29,82.5,593
09/04/21 03:45AM,29,82.5,596
09/04/21 03:45AM,28.9,82.5,593
09/04/21 03:45AM,28.9,82.5,595
09/04/21 03:46AM,28.9,82.5,595
09/04/21 03:46AM,29,82.5,593
09/04/21 03:46AM,29,82.5,593
09/04/21 03:46AM,29,82.5,593
09/04/21 03:46AM,29,82.5,595
09/04/21 03:46AM,29,82.5,596
09/04/21 03:46AM,29,82.5,593
09/04/21 03:46AM,29,82.5,593
09/04/21 03:46AM,29,82.5,594
09/04/21 03:46AM,29,82.4,594
09/04/21 03:46AM,29,82.4,595
09/04/21 03:46AM,29,82.4,595
09/04/21 03:46AM,29,82.4,593
09/04/21 03:46AM,29,82.4,593
09/04/21 03:46AM,29,82.5,593
09/04/21 03:46AM,29,82.5,598
09/04/21 03:46AM,29,82.5,593
09/04/21 03:46AM,29,82.5,596
09/04/21 03:46AM,29,82.5,592
09/04/21 03:46AM,29,82.5,592
09/04/21 03:46AM,29,82.5,593
09/04/21 03:46AM,29,82.5,596
09/04/21 03:46AM,29,82.5,593
09/04/21 03:46AM,29,82.5,598
09/04/21 03:46AM,29,82.5,593
09/04/21 03:46AM,29,82.5,596
09/04/21 03:46AM,29,82.5,593
09/04/21 03:46AM,29,82.5,596
09/04/21 03:46AM,28.9,82.5,593
09/04/21 03:46AM,28.9,82.5,595
09/04/21 03:46AM,29,82.5,593
09/04/21 03:46AM,29,82.5,598
09/04/21 03:46AM,29,82.5,595
09/04/21 03:46AM,29,82.5,593
09/04/21 03:46AM,29,82.5,593
09/04/21 03:46AM,29,82.5,593
09/04/21 03:46AM,29,82.5,596
09/04/21 03:46AM,28.9,82.5,593
09/04/21 03:46AM,28.9,82.5,596
09/04/21 03:46AM,28.9,82.5,595
09/04/21 03:46AM,29,82.5,593
09/04/21 03:46AM,29,82.5,596
09/04/21 03:46AM,28.9,82.5,594
09/04/21 03:46AM,28.9,82.5,595
09/04/21 03:46AM,28.9,82.5,593
09/04/21 03:47AM,28.9,82.5,596
09/04/21 03:47AM,29,82.5,594
09/04/21 03:47AM,29,82.5,593
09/04/21 03:47AM,29,82.5,593
09/04/21 03:47AM,29,82.5,596
09/04/21 03:47AM,29,82.5,593
09/04/21 03:47AM,29,82.5,594
09/04/21 03:47AM,29,82.5,593
09/04/21 03:47AM,29,82.5,595
09/04/21 03:47AM,29,82.5,593
09/04/21 03:47AM,29,82.5,592
09/04/21 03:47AM,29,82.4,593
09/04/21 03:47AM,29,82.4,593
09/04/21 03:47AM,29,82.5,593
09/04/21 03:47AM,29,82.5,598
09/04/21 03:47AM,28.9,82.4,593
09/04/21 03:47AM,28.9,82.4,594
09/04/21 03:47AM,29,82.5,594
09/04/21 03:47AM,29,82.5,595
09/04/21 03:47AM,29,82.4,593
09/04/21 03:47AM,29,82.4,593
09/04/21 03:47AM,29,82.4,594
09/04/21 03:47AM,29,82.4,595
09/04/21 03:47AM,29,82.4,593
09/04/21 03:47AM,29,82.4,596
09/04/21 03:47AM,29,82.4,589
09/04/21 03:47AM,29,82.4,595
09/04/21 03:47AM,29,82.4,594
09/04/21 03:47AM,29.1,82.5,593
09/04/21 03:47AM,29.1,82.5,596
09/04/21 03:47AM,29.1,82.5,595
09/04/21 03:47AM,29,82.4,593
09/04/21 03:47AM,29,82.4,598
09/04/21 03:47AM,29,82.4,593
09/04/21 03:47AM,29,82.4,593
09/04/21 03:47AM,29,82.4,594
09/04/21 03:47AM,29,82.4,595
09/04/21 03:47AM,29,82.4,594
09/04/21 03:47AM,29,82.4,592
09/04/21 03:47AM,29,82.4,593
09/04/21 03:47AM,29,82.4,593
09/04/21 03:47AM,29,82.4,597
09/04/21 03:47AM,29,82.4,596
09/04/21 03:47AM,29,82.4,595
09/04/21 03:47AM,29,82.4,593
09/04/21 03:47AM,29,82.4,594
09/04/21 03:48AM,29,82.4,593
09/04/21 03:48AM,29,82.4,593
09/04/21 03:48AM,29,82.4,593
09/04/21 03:48AM,29,82.4,594
09/04/21 03:48AM,29,82.4,593
09/04/21 03:48AM,29,82.4,594
09/04/21 03:48AM,29,82.4,594
09/04/21 03:48AM,29,82.4,597
09/04/21 03:48AM,29,82.4,593
09/04/21 03:48AM,29,82.4,596
09/04/21 03:48AM,29,82.4,594
09/04/21 03:48AM,29,82.4,595
09/04/21 03:48AM,29,82.4,594
09/04/21 03:48AM,29,82.4,594
09/04/21 03:48AM,29,82.4,593
09/04/21 03:48AM,29,82.4,596
09/04/21 03:48AM,29,82.4,593
09/04/21 03:48AM,29,82.4,593
09/04/21 03:48AM,29,82.4,594
09/04/21 03:48AM,29,82.4,593
09/04/21 03:48AM,29,82.4,593
09/04/21 03:48AM,29,82.4,593
09/04/21 03:48AM,29,82.4,597
09/04/21 03:48AM,29,82.3,593
09/04/21 03:48AM,29,82.3,596
09/04/21 03:48AM,29,82.4,594
09/04/21 03:48AM,29,82.4,596
09/04/21 03:48AM,29,82.3,593
09/04/21 03:48AM,29,82.3,594
09/04/21 03:48AM,29,82.3,597
09/04/21 03:48AM,29,82.3,593
09/04/21 03:48AM,29,82.3,596
09/04/21 03:48AM,29,82.3,595
09/04/21 03:48AM,29,82.3,593
09/04/21 03:48AM,29,82.3,593
09/04/21 03:48AM,29,82.3,593
09/04/21 03:48AM,29,82.3,596
09/04/21 03:48AM,29,82.3,593
09/04/21 03:48AM,29,82.3,597
09/04/21 03:48AM,29,82.3,597
09/04/21 03:48AM,29,82.3,593
09/04/21 03:48AM,29,82.3,595
09/04/21 03:48AM,29,82.3,592
09/04/21 03:48AM,29,82.3,595
09/04/21 03:48AM,29,82.3,593
09/04/21 03:48AM,29,82.3,592
09/04/21 03:48AM,29,82.4,593
09/04/21 03:49AM,29,82.4,597
09/04/21 03:49AM,29,82.4,593
09/04/21 03:49AM,29,82.4,597
09/04/21 03:49AM,29,82.4,593
09/04/21 03:49AM,29,82.4,592
09/04/21 03:49AM,29,82.4,593
09/04/21 03:49AM,29,82.4,594
09/04/21 03:49AM,29,82.3,593
09/04/21 03:49AM,29,82.3,592
09/04/21 03:49AM,29,82.4,594
09/04/21 03:49AM,29,82.4,597
09/04/21 03:49AM,29,82.4,595
09/04/21 03:49AM,29,82.4,593
09/04/21 03:49AM,29,82.4,597
09/04/21 03:49AM,29,82.3,593
09/04/21 03:49AM,29,82.3,595
09/04/21 03:49AM,29,82.4,594
09/04/21 03:49AM,29,82.4,595
09/04/21 03:49AM,29,82.4,593
09/04/21 03:49AM,29,82.4,596
09/04/21 03:49AM,29,82.4,591
09/04/21 03:49AM,29,82.4,598
09/04/21 03:49AM,29,82.4,593
09/04/21 03:49AM,29,82.4,597
09/04/21 03:49AM,29,82.4,592
09/04/21 03:49AM,29,82.4,595
09/04/21 03:49AM,29,82.3,593
09/04/21 03:49AM,29,82.3,600
09/04/21 03:49AM,29,82.3,593
09/04/21 03:49AM,29,82.3,596
09/04/21 03:49AM,29,82.3,593
09/04/21 03:49AM,29,82.3,597
09/04/21 03:49AM,29,82.4,593
09/04/21 03:49AM,29,82.4,593
09/04/21 03:49AM,29,82.4,593
09/04/21 03:49AM,29,82.4,593
09/04/21 03:49AM,29,82.4,593
09/04/21 03:49AM,29,82.4,593
09/04/21 03:49AM,29,82.4,593
09/04/21 03:49AM,29,82.4,592
09/04/21 03:49AM,29,82.3,593
09/04/21 03:49AM,29,82.3,601
09/04/21 03:49AM,29,82.4,594
09/04/21 03:49AM,29,82.4,595
09/04/21 03:49AM,28.9,82.3,593
09/04/21 03:49AM,28.9,82.3,593
09/04/21 03:49AM,29,82.4,593
09/04/21 03:49AM,29,82.4,595
09/04/21 03:49AM,28.9,82.4,593
10/04/21 03:38PM,29.6,68.3,0
10/04/21 03:38PM,29.6,68.3,593
10/04/21 03:38PM,29.7,68.4,591
10/04/21 03:38PM,29.7,68.4,590
10/04/21 03:38PM,29.7,68.4,591
10/04/21 03:38PM,29.7,68.6,591
10/04/21 03:38PM,29.7,68.6,592
10/04/21 03:38PM,29.7,68.6,605
10/04/21 03:39PM,29.7,68.6,605
10/04/21 03:39PM,29.7,68.5,592
10/04/21 03:39PM,29.7,68.5,595
10/04/21 03:39PM,29.7,68.4,605
10/04/21 03:39PM,29.7,68.4,605
10/04/21 03:39PM,29.7,68.4,605
10/04/21 03:39PM,29.7,68.4,604
10/04/21 03:39PM,29.8,68.4,604
10/04/21 03:39PM,29.8,68.4,606
10/04/21 03:39PM,29.8,68.5,594
10/04/21 03:39PM,29.8,68.5,605
10/04/21 03:39PM,29.8,68.7,604
10/04/21 03:39PM,29.8,68.7,605
10/04/21 03:39PM,29.8,68.5,604
10/04/21 03:39PM,29.8,68.5,606
10/04/21 03:39PM,29.8,68.5,591
10/04/21 03:39PM,29.7,68.4,591
10/04/21 03:39PM,29.7,68.4,591
10/04/21 03:39PM,29.8,68.4,593
10/04/21 03:39PM,29.8,68.4,594
10/04/21 03:39PM,29.8,68.4,591
10/04/21 03:39PM,29.8,68.4,604
10/04/21 03:39PM,29.8,68.4,596
10/04/21 03:39PM,29.8,68.2,605
10/04/21 03:39PM,29.8,68.2,596
10/04/21 03:39PM,29.8,68.1,598
10/04/21 03:39PM,29.8,68.1,598
10/04/21 03:39PM,29.8,68.1,596
10/04/21 03:39PM,29.8,68.1,594
10/04/21 03:39PM,29.8,68.1,605
10/04/21 03:39PM,29.8,68.3,606
10/04/21 03:39PM,29.8,68.3,604
10/04/21 03:39PM,29.8,68.2,591
10/04/21 03:39PM,29.8,68.2,604
10/04/21 03:39PM,29.8,68.3,593
10/04/21 03:39PM,29.8,68.3,606
10/04/21 03:39PM,29.8,68.5,605
10/04/21 03:39PM,29.8,68.5,604
10/04/21 03:39PM,29.8,68.5,605
10/04/21 03:39PM,29.8,68.5,605
10/04/21 03:39PM,29.8,68.6,604
10/04/21 03:39PM,29.8,68.6,604
10/04/21 03:39PM,29.9,68.5,604
10/04/21 03:39PM,29.9,68.5,605
10/04/21 03:39PM,29.8,68.4,604
10/04/21 03:39PM,29.8,68.4,607
10/04/21 03:40PM,29.9,68.4,604
10/04/21 03:40PM,29.9,68.4,604
10/04/21 03:40PM,29.9,68.4,605
10/04/21 03:40PM,29.9,68.4,604
10/04/21 03:40PM,29.9,68.4,609
10/04/21 03:40PM,29.9,68.4,604
10/04/21 03:40PM,29.9,68.3,604
10/04/21 03:40PM,29.9,68.3,604
10/04/21 03:40PM,29.9,68.2,604
10/04/21 03:40PM,29.9,68.2,605
10/04/21 03:40PM,29.9,68.2,604
10/04/21 03:40PM,29.9,68.2,605
10/04/21 03:40PM,29.9,68.1,604
10/04/21 03:40PM,29.9,68.1,604
10/04/21 03:40PM,29.9,68.1,591
10/04/21 03:40PM,29.9,68.1,604
10/04/21 03:40PM,29.9,68,596
10/04/21 03:40PM,29.9,68,597
10/04/21 03:40PM,29.9,68,605
10/04/21 03:40PM,29.9,68,604
10/04/21 03:40PM,29.9,68,604
10/04/21 03:40PM,29.9,68,605
10/04/21 03:40PM,29.9,68,604
10/04/21 03:40PM,29.9,68,604
10/04/21 03:40PM,30,68,604
10/04/21 03:40PM,30,68,604
10/04/21 03:40PM,30,68,605
10/04/21 03:40PM,30,68,595
10/04/21 03:40PM,30,68,591
10/04/21 03:40PM,29.9,67.9,591
10/04/21 03:40PM,29.9,67.9,605
10/04/21 03:40PM,30,67.8,604
10/04/21 03:40PM,30,67.8,605
10/04/21 03:40PM,30,67.8,604
10/04/21 03:40PM,30,67.8,604
10/04/21 03:40PM,30,67.8,604
10/04/21 03:40PM,30,67.8,606
10/04/21 03:40PM,30,67.8,605
10/04/21 03:40PM,30,67.8,604
10/04/21 03:40PM,30,67.9,604
10/04/21 03:40PM,30,67.9,604
10/04/21 03:40PM,30,68,604
10/04/21 03:40PM,30,68,605
10/04/21 03:40PM,30,68,604
10/04/21 03:40PM,30,68,605
10/04/21 03:40PM,29.9,68,604
10/04/21 03:40PM,29.9,68,604
10/04/21 03:40PM,30,68,604
10/04/21 03:40PM,30,68,602
10/04/21 03:40PM,30,68,604
10/04/21 03:41PM,30,68,604
10/04/21 03:41PM,30,67.9,604
10/04/21 03:41PM,30,67.9,605
10/04/21 03:41PM,30,67.9,592
10/04/21 03:41PM,30,67.8,591
10/04/21 03:41PM,30,67.8,606
10/04/21 03:41PM,30,67.8,604
10/04/21 03:41PM,30,67.8,604
10/04/21 03:41PM,30,67.8,604
10/04/21 03:41PM,30,67.8,604
10/04/21 03:41PM,30,67.8,604
10/04/21 03:41PM,30,68,605
10/04/21 03:41PM,30,68,604
10/04/21 03:41PM,30,68,604
10/04/21 03:41PM,30,68,604
10/04/21 03:41PM,30,68,605
10/04/21 03:41PM,30,68,604
10/04/21 03:41PM,30,68,605
10/04/21 03:41PM,30,67.8,604
10/04/21 03:41PM,30,67.8,604
10/04/21 03:41PM,30,67.8,604
10/04/21 03:41PM,30,67.7,604
10/04/21 03:41PM,30,67.7,602
10/04/21 03:41PM,30,67.8,598
10/04/21 03:41PM,30,67.8,596
10/04/21 03:41PM,30,67.9,605
10/04/21 03:41PM,30,67.9,594
10/04/21 03:41PM,30,68,593
10/04/21 03:41PM,30,68,594
10/04/21 03:41PM,30,68,604
10/04/21 03:41PM,30,68,592
10/04/21 03:41PM,30,68,593
10/04/21 03:41PM,30,68,596
10/04/21 03:41PM,30,68,592
10/04/21 03:41PM,30.1,67.9,604
10/04/21 03:41PM,30.1,67.9,594
10/04/21 03:41PM,30.1,67.7,604
10/04/21 03:41PM,30.1,67.7,592
10/04/21 03:41PM,30.1,67.7,604
10/04/21 03:41PM,30.1,67.7,591
10/04/21 03:41PM,30.1,67.8,595
10/04/21 03:41PM,30.1,67.8,604
10/04/21 03:41PM,30.1,67.9,592
10/04/21 03:41PM,30.1,67.9,593
10/04/21 03:41PM,30.1,67.7,602
10/04/21 03:41PM,30.1,67.7,598
10/04/21 03:42PM,30.1,67.4,591
10/04/21 03:42PM,30.1,67.4,590
10/04/21 03:42PM,30.1,67.3,594
10/04/21 03:42PM,30.1,67.3,589
10/04/21 03:42PM,30.1,67.2,590
10/04/21 03:42PM,30.1,67.2,596
10/04/21 03:42PM,30.1,67,591
10/04/21 03:42PM,30.1,67,590
10/04/21 03:42PM,30.1,67,590
10/04/21 03:42PM,30.1,67,590
10/04/21 03:42PM,30.1,67,591
10/04/21 03:42PM,30.1,67,591
10/04/21 03:42PM,30.1,67.1,589
10/04/21 03:42PM,30.1,67.1,590
10/04/21 03:42PM,30.1,67.1,590
10/04/21 03:42PM,30,67.2,589
10/04/21 03:42PM,30,67.2,590
10/04/21 03:42PM,30,67.1,590
10/04/21 03:42PM,30,67.1,590
10/04/21 03:42PM,30,67.1,591
10/04/21 03:42PM,30,67.1,591
10/04/21 03:42PM,30,67.1,589
10/04/21 03:42PM,30,67.1,591
10/04/21 03:42PM,30,67.1,591
10/04/21 03:42PM,30,67.1,591
10/04/21 03:42PM,30,67,591
10/04/21 03:42PM,30,67,591
10/04/21 03:42PM,30,67,593
10/04/21 03:42PM,30,67.1,590
10/04/21 03:42PM,30,67.1,592
10/04/21 03:42PM,30,67.1,591
10/04/21 03:42PM,30,67.1,591
10/04/21 03:42PM,30,67.1,591
10/04/21 03:42PM,30,67.1,590
10/04/21 03:42PM,30,67.2,591
10/04/21 03:42PM,30,67.2,591
10/04/21 03:42PM,30,67.2,590
10/04/21 03:42PM,30,67.2,591
10/04/21 03:42PM,30,67.1,591
10/04/21 03:42PM,30,67.1,591
10/04/21 03:42PM,30,67.1,591
10/04/21 03:42PM,30,67.3,590
10/04/21 03:43PM,30,67.3,589
10/04/21 03:43PM,30,67.3,590
10/04/21 03:43PM,30,67.3,592
10/04/21 03:43PM,30,67.2,591
10/04/21 03:43PM,30,67.2,593
10/04/21 03:43PM,30,67.2,591
10/04/21 03:43PM,30,67.2,591
10/04/21 03:43PM,29.9,67.3,604
10/04/21 03:43PM,29.9,67.3,604
10/04/21 03:43PM,29.9,67.4,591
10/04/21 03:43PM,29.9,67.4,591
10/04/21 03:43PM,29.9,67.4,591
10/04/21 03:43PM,29.9,67.4,591
10/04/21 03:43PM,29.9,67.5,590
10/04/21 03:43PM,29.9,67.5,591
10/04/21 03:43PM,29.9,67.5,591
10/04/21 03:43PM,29.9,67.5,591
10/04/21 03:43PM,29.9,67.6,591
10/04/21 03:43PM,29.9,67.6,590
10/04/21 03:43PM,29.9,67.6,591
10/04/21 03:43PM,29.9,67.6,595
10/04/21 03:43PM,29.9,67.7,591
10/04/21 03:43PM,29.9,67.7,591
10/04/21 03:43PM,29.9,67.7,592
10/04/21 03:43PM,29.9,67.7,604
10/04/21 03:43PM,29.9,67.7,591
10/04/21 03:43PM,29.9,67.7,591
10/04/21 03:43PM,29.9,67.8,591
10/04/21 03:43PM,29.9,67.8,591
10/04/21 03:43PM,29.9,67.9,591
10/04/21 03:43PM,29.9,67.9,591
10/04/21 03:43PM,29.9,68,591
10/04/21 03:43PM,29.9,68,590
10/04/21 03:43PM,29.9,68,591
10/04/21 03:43PM,29.9,68,591
10/04/21 03:43PM,29.9,68.1,590
10/04/21 03:43PM,29.9,68.1,588
10/04/21 03:43PM,29.9,68.1,591
10/04/21 03:43PM,29.9,68,591
10/04/21 03:43PM,29.9,68,592
10/04/21 03:43PM,30,68,591
10/04/21 03:43PM,30,68,591
10/04/21 03:43PM,30,68.1,590
10/04/21 03:43PM,30,68.1,595
10/04/21 03:43PM,30,68,591
10/04/21 03:43PM,30,68,591
10/04/21 03:43PM,30,67.9,591
10/04/21 03:43PM,30,67.9,591
10/04/21 03:43PM,29.9,67.8,591
10/04/21 03:43PM,29.9,67.8,590
10/04/21 03:44PM,30,67.8,591
10/04/21 03:44PM,30,67.8,605
10/04/21 03:44PM,30,67.8,604
10/04/21 03:44PM,30,67.8,594
10/04/21 03:44PM,30,68,590
10/04/21 03:44PM,30,68,591
10/04/21 03:44PM,30,68,604
10/04/21 03:44PM,30,68,593
10/04/21 03:44PM,30,68,591
10/04/21 03:44PM,30,68,591
10/04/21 03:44PM,30,67.9,591
10/04/21 03:44PM,30,67.9,591
10/04/21 03:44PM,30,67.9,590
10/04/21 03:44PM,29.9,67.8,590
10/04/21 03:44PM,29.9,67.8,591
10/04/21 03:44PM,30,67.7,591
10/04/21 03:44PM,30,67.7,591
10/04/21 03:44PM,30,67.8,591
10/04/21 03:44PM,30,67.8,591
10/04/21 03:44PM,30,67.8,591
10/04/21 03:44PM,30,67.8,591
10/04/21 03:44PM,30,67.8,591
10/04/21 03:44PM,30,67.8,589
10/04/21 03:44PM,30,67.7,592
10/04/21 03:44PM,30,67.7,594
10/04/21 03:44PM,30,67.7,591
10/04/21 03:44PM,30,67.7,591
10/04/21 03:44PM,30,67.7,591
10/04/21 03:44PM,30,67.7,591
10/04/21 03:44PM,30,67.7,591
10/04/21 03:44PM,30,67.7,591
10/04/21 03:44PM,30,67.7,592
10/04/21 03:44PM,30,67.6,591
10/04/21 03:44PM,30,67.6,587
10/04/21 03:44PM,30,67.6,591
10/04/21 03:44PM,30,67.6,592
10/04/21 03:44PM,30,67.6,591
10/04/21 03:44PM,30,67.6,591
10/04/21 03:44PM,30,67.6,591
10/04/21 03:44PM,30,67.6,591
10/04/21 03:44PM,30,67.7,591
10/04/21 03:44PM,30,67.7,591
10/04/21 03:44PM,30,67.6,591
10/04/21 03:44PM,30,67.6,592
10/04/21 03:44PM,30,67.6,591
10/04/21 03:44PM,30,67.6,591
10/04/21 03:45PM,30,67.6,593
10/04/21 03:45PM,30,67.6,591
10/04/21 03:45PM,30,67,605
10/04/21 03:45PM,30,67,590
10/04/21 03:45PM,30,67,594
10/04/21 03:45PM,30,67.3,591
10/04/21 03:45PM,30,67.3,591
10/04/21 03:45PM,30,67.3,591
10/04/21 03:45PM,30,67.6,593
10/04/21 03:45PM,30,67.6,592
10/04/21 03:45PM,30,67.3,591
10/04/21 03:45PM,30,67.3,591
10/04/21 03:45PM,30,67.2,591
10/04/21 03:45PM,30,67.2,591
10/04/21 03:45PM,30,67.2,591
10/04/21 03:45PM,30,67.2,591
10/04/21 03:45PM,30,67.2,591
10/04/21 03:45PM,30,67.2,591
10/04/21 03:45PM,30,67.2,591
10/04/21 03:45PM,30,67.1,591
10/04/21 03:45PM,30,67.1,591
10/04/21 03:45PM,30,67.1,591
10/04/21 03:45PM,30,67.1,591
10/04/21 03:45PM,30,67.1,605
10/04/21 03:45PM,30,67.1,591
10/04/21 03:45PM,30,67,591
10/04/21 03:45PM,30,67,583
10/04/21 03:45PM,30,67,591
10/04/21 03:45PM,30,67,591
10/04/21 03:45PM,30,67.1,592
10/04/21 03:45PM,30,67.1,592
10/04/21 03:45PM,30,67,591
10/04/21 03:45PM,30,67,591
10/04/21 03:45PM,30,67,591
10/04/21 03:45PM,30,67,591
10/04/21 03:45PM,30,67.1,591
10/04/21 03:45PM,30,67.1,591
10/04/21 03:45PM,30,67.1,591
10/04/21 03:45PM,30,67.1,592
10/04/21 03:45PM,30,67,591
10/04/21 03:45PM,30,67,591
10/04/21 03:45PM,30,67,591
10/04/21 03:45PM,30,67,591
10/04/21 03:45PM,30,67,591
10/04/21 03:46PM,30,67.1,605
10/04/21 03:46PM,30,67.1,592
10/04/21 03:46PM,30,67.1,591
10/04/21 03:46PM,30,67.1,591
10/04/21 03:46PM,30,67,591
10/04/21 03:46PM,30,67,591
10/04/21 03:46PM,30,67,591
10/04/21 03:46PM,30,67,594
10/04/21 03:46PM,29.9,67,590
10/04/21 03:46PM,29.9,67,590
10/04/21 03:46PM,29.9,67.2,591
10/04/21 03:46PM,29.9,67.2,591
10/04/21 03:46PM,30,67.4,591
10/04/21 03:46PM,30,67.4,591
10/04/21 03:46PM,29.9,67.5,591
10/04/21 03:46PM,29.9,67.5,590
10/04/21 03:46PM,29.9,67.4,591
10/04/21 03:46PM,29.9,67.4,591
10/04/21 03:46PM,30,67.4,591
10/04/21 03:46PM,30,67.4,591
10/04/21 03:46PM,30,67.4,590
10/04/21 03:46PM,29.9,67.5,591
10/04/21 03:46PM,29.9,67.5,591
10/04/21 03:46PM,29.9,67.6,591
10/04/21 03:46PM,29.9,67.6,589
10/04/21 03:46PM,29.9,67.6,591
10/04/21 03:46PM,29.9,67.6,591
10/04/21 03:46PM,29.9,67.5,591
10/04/21 03:46PM,29.9,67.5,590
10/04/21 03:46PM,29.9,67.5,591
10/04/21 03:46PM,29.9,67.5,591
10/04/21 03:46PM,30,67.5,592
10/04/21 03:46PM,30,67.5,591
10/04/21 03:46PM,30,67.4,591
10/04/21 03:46PM,30,67.4,591
10/04/21 03:46PM,30,67.4,591
10/04/21 03:46PM,30,67.4,591
10/04/21 03:46PM,30,67.4,591
10/04/21 03:46PM,30,67.4,586
10/04/21 03:46PM,30,67.4,588
10/04/21 03:46PM,30,67.4,591
10/04/21 03:46PM,30,67.4,591
10/04/21 03:46PM,30,67.4,591
10/04/21 03:46PM,30,67.4,591
10/04/21 03:46PM,30,67.4,591
10/04/21 03:46PM,30,67.4,591
10/04/21 03:46PM,30,67.4,591
10/04/21 03:46PM,30,67.4,591
10/04/21 03:46PM,30,67.4,591
10/04/21 03:47PM,30,67.4,590
10/04/21 03:47PM,30,67.4,591
10/04/21 03:47PM,30,67.4,591
10/04/21 03:47PM,30,67.4,591
10/04/21 03:47PM,30,67.5,591
10/04/21 03:47PM,30,67.5,591
10/04/21 03:47PM,30.1,67.7,591
10/04/21 03:47PM,30.1,67.7,592
10/04/21 03:47PM,30,67.7,589
10/04/21 03:47PM,30,67.7,591
10/04/21 03:47PM,30,67.7,591
10/04/21 03:47PM,30,67.7,591
10/04/21 03:47PM,30.1,67.6,591
10/04/21 03:47PM,30.1,67.6,591
10/04/21 03:47PM,30.1,67.7,591
10/04/21 03:47PM,30.1,67.7,592
10/04/21 03:47PM,30.1,67.8,592
10/04/21 03:47PM,30.1,67.8,591
10/04/21 03:47PM,30.1,67.9,591
10/04/21 03:47PM,30.1,67.9,591
10/04/21 03:47PM,30.1,67.7,591
10/04/21 03:47PM,30.1,67.7,595
10/04/21 03:47PM,30.1,67.6,592
10/04/21 03:47PM,30.1,67.6,591
10/04/21 03:47PM,30.1,67.6,591
10/04/21 03:47PM,30.1,67.6,591
10/04/21 03:47PM,30,67.6,591
10/04/21 03:47PM,30,67.6,590
10/04/21 03:47PM,30.1,67.6,591
10/04/21 03:47PM,30.1,67.6,591
10/04/21 03:47PM,30.1,67.6,591
10/04/21 03:47PM,30.1,67.4,590
10/04/21 03:47PM,30.1,67.4,591
10/04/21 03:47PM,30.1,67.4,591
10/04/21 03:47PM,30.1,67.1,591
10/04/21 03:47PM,30.1,67.1,591
10/04/21 03:47PM,30.1,67.1,588
10/04/21 03:47PM,30.1,67.1,591
10/04/21 03:47PM,30.1,67,591
10/04/21 03:47PM,30.1,67,591
10/04/21 03:47PM,30.1,67,591
10/04/21 03:47PM,30.1,67,591
10/04/21 03:47PM,30.1,66.8,591
10/04/21 03:47PM,30.1,66.8,590
10/04/21 03:47PM,30.1,66.7,590
10/04/21 03:47PM,30.1,66.7,591
10/04/21 03:47PM,30.1,66.4,591
10/04/21 03:48PM,30.1,66.4,595
10/04/21 03:48PM,30.1,66.4,591
10/04/21 03:48PM,30.1,66.1,591
10/04/21 03:48PM,30.1,66.1,593
10/04/21 03:48PM,30.1,66.2,591
10/04/21 03:48PM,30.1,66.2,591
10/04/21 03:48PM,30.1,66.2,591
10/04/21 03:48PM,30.1,66.3,591
10/04/21 03:48PM,30.1,66.3,591
10/04/21 03:48PM,30.1,66.3,591
10/04/21 03:48PM,30.1,66.3,591
10/04/21 03:48PM,30.1,66.5,591
10/04/21 03:48PM,30.1,66.5,591
10/04/21 03:48PM,30.1,66.7,591
10/04/21 03:48PM,30.1,66.7,591
10/04/21 03:48PM,30.1,66.9,591
10/04/21 03:48PM,30.1,66.9,591
10/04/21 03:48PM,30.1,66.9,591
10/04/21 03:48PM,30.1,66.9,591
10/04/21 03:48PM,30.1,66.9,587
10/04/21 03:48PM,30.1,66.9,590
10/04/21 03:48PM,30.1,66.9,591
10/04/21 03:48PM,30.1,66.9,591
10/04/21 03:48PM,30.1,66.9,592
10/04/21 03:48PM,30.1,66.6,591
10/04/21 03:48PM,30.1,66.6,591
10/04/21 03:48PM,30.1,66.6,591
10/04/21 03:48PM,30.1,66.6,591
10/04/21 03:48PM,30.1,66.6,591
10/04/21 03:48PM,30.1,66.6,591
10/04/21 03:48PM,30.1,66.5,591
10/04/21 03:48PM,30.1,66.5,592
10/04/21 03:48PM,30.1,66.4,590
10/04/21 03:48PM,30.1,66.4,591
10/04/21 03:48PM,30.1,66.5,591
10/04/21 03:48PM,30.1,66.5,591
10/04/21 03:48PM,30.1,66.7,591
10/04/21 03:48PM,30.1,66.7,593
10/04/21 03:48PM,30.1,66.6,591
10/04/21 03:48PM,30.1,66.6,592
10/04/21 03:48PM,30.1,66.6,591
10/04/21 03:48PM,30.1,66.3,591
10/04/21 03:48PM,30.1,66.3,591
10/04/21 03:48PM,30.1,66.3,591
10/04/21 03:48PM,30.1,66.3,591
10/04/21 03:48PM,30.1,66.3,590
10/04/21 03:49PM,30.1,66.3,592
10/04/21 03:49PM,30.1,66.3,591
10/04/21 03:49PM,30.1,66.2,591
10/04/21 03:49PM,30.1,66.2,592
10/04/21 03:49PM,30.1,66.4,591
10/04/21 03:49PM,30.1,66.4,593
10/04/21 03:49PM,30.1,66.6,591
10/04/21 03:49PM,30.1,66.6,591
10/04/21 03:49PM,30.1,66.7,591
10/04/21 03:49PM,30.1,66.7,591
10/04/21 03:49PM,30.1,66.7,606
10/04/21 03:49PM,30.1,66.7,591
10/04/21 03:49PM,30.1,66.7,591
10/04/21 03:49PM,30.1,66.9,590
10/04/21 03:49PM,30.1,66.9,591
10/04/21 03:49PM,30.1,67,591
10/04/21 03:49PM,30.1,67,592
10/04/21 03:49PM,30.1,67,593
10/04/21 03:49PM,30.1,67.1,604
10/04/21 03:49PM,30.1,67.1,593
10/04/21 03:49PM,30,67,604
10/04/21 03:49PM,30,67,606
10/04/21 03:49PM,30,67.2,604
10/04/21 03:49PM,30,67.2,604
10/04/21 03:49PM,30,67.3,596
10/04/21 03:49PM,30,67.3,605
10/04/21 03:49PM,30,67.3,604
10/04/21 03:49PM,30,67.3,596
10/04/21 03:49PM,30,67.3,591
10/04/21 03:49PM,30,67.3,591
10/04/21 03:49PM,30,67.3,605
10/04/21 03:49PM,30,67.2,591
10/04/21 03:49PM,30,67.2,598
10/04/21 03:49PM,30,67.2,599
10/04/21 03:49PM,30,67.3,604
10/04/21 03:49PM,30,67.3,604
10/04/21 03:49PM,30,67.3,598
10/04/21 03:49PM,30,67.6,604
14/04/21 11:50PM,27.8,84,606
14/04/21 11:50PM,27.9,83.7,589
14/04/21 11:50PM,27.9,83.6,588
14/04/21 11:51PM,27.9,83.6,589
14/04/21 11:53PM,27.9,83.6,607
14/04/21 11:53PM,27.7,84.2,588
14/04/21 11:53PM,27.7,84.2,588
14/04/21 11:53PM,27.7,84.1,588
14/04/21 11:57PM,27.8,84.1,606
14/04/21 11:58PM,28.0,83.5,588
14/04/21 11:58PM,28.0,83.4,588
14/04/21 11:58PM,28.1,83.3,589
14/04/21 11:58PM,28.1,83.3,589
14/04/21 11:58PM,28.1,83.2,588
14/04/21 11:58PM,28.1,83.2,589
14/04/21 11:58PM,28.1,83.1,588
14/04/21 11:59PM,28.1,83.1,589
14/04/21 11:59PM,28.1,83.1,588
14/04/21 11:59PM,28.1,83.0,588
14/04/21 11:59PM,28.1,83.0,588
14/04/21 11:59PM,28.1,83.0,588
14/04/21 11:59PM,28.1,82.9,588
14/04/21 11:59PM,28.1,83.0,588
14/04/21 11:59PM,28.1,82.9,588
14/04/21 11:59PM,28.1,82.9,588
14/04/21 11:59PM,28.1,82.9,588
14/04/21 11:59PM,28.1,82.9,588
15/04/21 12:00AM,28.1,82.9,588
15/04/21 12:00AM,28.1,82.9,588
15/04/21 12:00AM,28.1,82.9,588
15/04/21 12:00AM,28.1,83.0,588
15/04/21 12:00AM,28.1,83.0,588
15/04/21 12:00AM,28.1,83.1,588
15/04/21 12:00AM,28.1,83.1,588
15/04/21 12:00AM,28.0,83.2,588
15/04/21 12:01AM,28.0,83.2,588
15/04/21 12:01AM,28.0,83.2,588
15/04/21 12:01AM,28.0,83.2,588
15/04/21 12:01AM,28.0,83.3,589
15/04/21 12:01AM,28.0,83.3,588
15/04/21 12:01AM,28.0,83.3,588
15/04/21 12:01AM,28.0,83.3,588
15/04/21 12:01AM,28.0,83.3,588
15/04/21 12:01AM,28.0,83.3,588
15/04/21 12:02AM,28.0,83.3,588
15/04/21 12:02AM,28.0,83.3,588
15/04/21 12:02AM,28.0,83.3,589
15/04/21 12:02AM,28.0,83.3,588
15/04/21 12:02AM,28.0,83.2,588
15/04/21 12:02AM,28.0,83.2,589
15/04/21 12:02AM,28.1,83.2,588
15/04/21 12:02AM,28.0,83.2,588
15/04/21 12:02AM,28.0,83.3,588
15/04/21 12:03AM,28.0,83.3,589
15/04/21 12:03AM,28.0,83.3,589
15/04/21 12:03AM,28.0,83.3,589
15/04/21 12:03AM,28.0,83.3,588
15/04/21 12:03AM,28.0,83.3,588
15/04/21 12:03AM,28.0,83.3,588
15/04/21 12:03AM,28.0,83.3,589
15/04/21 12:03AM,28.0,83.4,588
15/04/21 12:03AM,28.0,83.4,589
15/04/21 12:04AM,28.0,83.4,588
15/04/21 12:04AM,28.0,83.4,588
15/04/21 12:04AM,28.0,83.4,588
19/04/21 06:42PM,29.3,73.0,611
19/04/21 06:42PM,29.6,72.7,592
19/04/21 06:42PM,29.6,72.3,592
19/04/21 06:42PM,29.7,72.3,592
20/04/21 12:02AM,28.7,80.5,0
20/04/21 12:02AM,28.7,80.3,0
20/04/21 12:02AM,28.7,80.1,0
20/04/21 12:02AM,28.8,80.1,0
20/04/21 12:02AM,28.8,80.1,0
20/04/21 12:03AM,28.8,80.1,0
20/04/21 12:03AM,28.8,80.1,0
20/04/21 12:03AM,28.8,80.0,0
20/04/21 12:03AM,28.8,80.0,0
20/04/21 12:03AM,28.8,80.3,0
20/04/21 12:03AM,28.8,80.2,0
20/04/21 12:04AM,28.9,80.1,0
20/04/21 12:04AM,28.8,80.0,606
20/04/21 12:04AM,28.9,80.1,586
20/04/21 12:04AM,28.9,80.1,587
20/04/21 12:05AM,28.9,79.7,587
20/04/21 12:05AM,28.9,79.9,587
20/04/21 12:05AM,28.9,79.6,587
20/04/21 12:05AM,28.9,79.8,587
20/04/21 12:05AM,29.0,79.6,586
20/04/21 12:05AM,29.0,79.7,587
20/04/21 12:05AM,29.0,79.7,587
20/04/21 12:05AM,29.0,79.6,587
20/04/21 12:06AM,28.9,79.6,587
20/04/21 12:06AM,28.9,79.6,587
20/04/21 12:06AM,28.9,79.7,587
20/04/21 12:06AM,28.9,79.7,586
20/04/21 12:06AM,28.9,79.7,586
20/04/21 12:06AM,28.9,79.7,587
20/04/21 12:06AM,28.9,79.7,587
20/04/21 12:06AM,28.9,79.7,587
20/04/21 12:06AM,28.9,79.8,586
20/04/21 12:06AM,28.8,79.8,586
20/04/21 12:07AM,28.8,79.8,587
20/04/21 12:07AM,28.8,79.8,586
20/04/21 12:07AM,28.8,79.9,587
20/04/21 12:07AM,28.8,79.9,587
20/04/21 12:07AM,28.8,79.9,587
20/04/21 12:07AM,28.8,79.9,587
20/04/21 12:07AM,28.8,79.9,586
20/04/21 12:07AM,28.8,79.9,587
20/04/21 12:07AM,28.7,80.0,587
20/04/21 12:07AM,28.7,80.0,585
20/04/21 12:07AM,28.7,80.0,587
20/04/21 12:08AM,28.7,80.0,586
20/04/21 12:08AM,28.7,80.0,587
20/04/21 12:08AM,28.7,80.1,587
20/04/21 12:08AM,28.6,80.2,587
20/04/21 12:08AM,28.6,80.2,587
20/04/21 12:08AM,28.6,80.2,587
20/04/21 12:08AM,28.6,80.3,587
20/04/21 12:08AM,28.6,80.3,587
20/04/21 12:09AM,28.6,80.2,586
20/04/21 12:09AM,28.7,80.2,587
20/04/21 12:09AM,28.7,80.2,587
20/04/21 12:09AM,28.7,80.3,586
20/04/21 12:09AM,28.6,80.2,586
20/04/21 12:09AM,28.7,80.2,587
20/04/21 12:09AM,28.6,80.2,587
20/04/21 12:09AM,28.7,80.2,587
20/04/21 12:09AM,28.7,80.2,587
20/04/21 12:09AM,28.7,80.2,587
20/04/21 12:10AM,28.7,80.2,587
20/04/21 12:10AM,28.7,80.2,587
20/04/21 12:10AM,28.7,80.2,587
20/04/21 12:10AM,28.6,80.2,587
20/04/21 12:10AM,28.7,80.2,587
20/04/21 12:10AM,28.7,80.2,586
20/04/21 12:10AM,28.6,80.2,587
20/04/21 12:11AM,28.6,80.2,586
20/04/21 12:11AM,28.7,80.2,587
20/04/21 12:11AM,28.6,80.2,587
20/04/21 12:11AM,28.7,80.2,587
20/04/21 12:11AM,28.7,80.2,585
20/04/21 12:11AM,28.7,80.2,587
20/04/21 12:11AM,28.7,80.1,587
20/04/21 12:11AM,28.7,80.1,587
20/04/21 12:11AM,28.7,80.1,587
20/04/21 12:12AM,28.7,80.1,587
20/04/21 12:12AM,28.7,80.1,586
20/04/21 12:12AM,28.7,80.0,587
20/04/21 12:12AM,28.7,80.0,586
20/04/21 12:12AM,28.7,80.0,587
20/04/21 12:12AM,28.7,80.0,587
20/04/21 12:12AM,28.7,80.0,586
20/04/21 12:12AM,28.7,80.0,587
20/04/21 12:12AM,28.7,80.0,587
20/04/21 12:13AM,28.7,80.0,587
20/04/21 12:13AM,28.7,80.1,587
20/04/21 12:13AM,28.7,80.1,586
20/04/21 12:13AM,28.7,80.1,586
20/04/21 12:13AM,28.7,80.1,587
20/04/21 12:13AM,28.7,80.1,587
20/04/21 12:13AM,28.6,80.1,587
20/04/21 12:13AM,28.7,80.1,587
20/04/21 12:13AM,28.6,80.1,586
20/04/21 12:14AM,28.6,80.2,587
20/04/21 12:14AM,28.7,80.2,587
20/04/21 12:14AM,28.6,80.2,587
20/04/21 12:14AM,28.6,80.1,586
20/04/21 12:14AM,28.6,80.2,587
20/04/21 12:14AM,28.7,80.2,587
20/04/21 12:14AM,28.7,80.3,586
20/04/21 12:14AM,28.7,80.3,587
20/04/21 12:14AM,28.6,80.3,588
20/04/21 12:15AM,28.6,80.3,587
20/04/21 12:15AM,28.6,80.4,587
20/04/21 12:15AM,28.6,80.4,587
20/04/21 12:15AM,28.7,80.4,586
20/04/21 12:15AM,28.6,80.5,587
20/04/21 12:15AM,28.6,80.5,587
20/04/21 12:15AM,28.7,80.4,587
20/04/21 12:15AM,28.7,80.5,587
20/04/21 12:16AM,28.7,80.4,587
20/04/21 12:16AM,28.7,80.4,587
20/04/21 12:16AM,28.7,80.4,586
20/04/21 12:16AM,28.7,80.4,587
20/04/21 12:16AM,28.7,80.4,586
20/04/21 12:16AM,28.7,80.4,587
20/04/21 12:16AM,28.7,80.4,587
20/04/21 12:16AM,28.7,80.4,587
20/04/21 12:16AM,28.7,80.4,587
20/04/21 12:17AM,28.7,80.4,587
20/04/21 12:17AM,28.7,80.4,587
20/04/21 12:17AM,28.7,80.4,587
20/04/21 12:17AM,28.7,80.4,586
20/04/21 12:17AM,28.7,80.3,587
20/04/21 12:17AM,28.7,80.3,586
20/04/21 12:17AM,28.7,80.3,587
20/04/21 12:17AM,28.6,80.3,587
20/04/21 12:18AM,28.7,80.3,586
20/04/21 12:18AM,28.7,80.3,587
20/04/21 12:18AM,28.6,80.3,586
20/04/21 12:18AM,28.7,80.3,587
20/04/21 12:18AM,28.7,80.3,587
20/04/21 12:18AM,28.6,80.3,587
20/04/21 12:18AM,28.7,80.3,586
20/04/21 12:18AM,28.7,80.3,587
20/04/21 12:19AM,28.7,80.3,587
20/04/21 12:19AM,28.7,80.2,585
20/04/21 12:19AM,28.7,80.3,587
20/04/21 12:20AM,28.6,80.3,587
20/04/21 12:20AM,28.6,80.4,587
20/04/21 12:21AM,28.6,80.4,587
20/04/21 12:21AM,28.6,80.5,587
20/04/21 12:23AM,28.6,80.6,586
20/04/21 12:23AM,28.6,80.5,587
20/04/21 12:25AM,28.6,80.5,587
20/04/21 12:25AM,28.6,80.5,587
20/04/21 12:25AM,28.6,80.5,587
20/04/21 12:26AM,28.6,80.5,587
20/04/21 12:26AM,28.6,80.5,587
20/04/21 12:26AM,28.6,80.5,587
20/04/21 12:26AM,28.6,80.5,586
20/04/21 12:26AM,28.6,80.5,587
20/04/21 12:26AM,28.6,80.5,587
20/04/21 12:26AM,28.6,80.5,587
20/04/21 12:27AM,28.6,80.4,586
20/04/21 12:27AM,28.6,80.5,587
20/04/21 12:27AM,28.6,80.4,587
20/04/21 12:27AM,28.6,80.4,587
20/04/21 12:27AM,28.6,80.4,587
20/04/21 12:27AM,28.6,80.4,587
20/04/21 12:28AM,28.6,80.6,586
20/04/21 12:28AM,28.6,80.6,588
20/04/21 12:28AM,28.6,80.6,587
20/04/21 12:29AM,28.6,80.6,587
20/04/21 12:29AM,28.6,80.5,587
20/04/21 12:32AM,28.6,80.5,587
20/04/21 12:32AM,28.6,80.6,587
20/04/21 12:32AM,28.6,80.6,586
20/04/21 12:32AM,28.6,80.6,587
20/04/21 12:32AM,28.6,80.6,587
20/04/21 12:32AM,28.6,80.6,587
20/04/21 12:32AM,28.6,80.5,587
20/04/21 12:33AM,28.6,80.6,587
20/04/21 12:33AM,28.6,80.5,587
20/04/21 12:33AM,28.6,80.5,587
20/04/21 12:33AM,28.6,80.5,587
20/04/21 12:33AM,28.6,80.5,587
20/04/21 12:33AM,28.6,80.6,587
20/04/21 12:33AM,28.6,80.6,587
20/04/21 12:34AM,28.6,80.9,587
20/04/21 12:34AM,28.6,80.8,588
20/04/21 12:34AM,28.6,81.1,587
20/04/21 12:35AM,28.6,81.0,588
20/04/21 12:35AM,28.6,81.0,587
20/04/21 12:36AM,28.6,80.9,588
20/04/21 12:36AM,28.6,80.9,587
20/04/21 12:38AM,28.6,80.9,587
20/04/21 12:38AM,28.8,80.6,587
20/04/21 12:40AM,28.8,80.6,587
20/04/21 12:40AM,28.8,80.6,587
20/04/21 12:42AM,28.8,80.6,587
20/04/21 12:43AM,28.9,80.7,587
20/04/21 12:43AM,28.9,80.7,587
20/04/21 12:45AM,28.9,80.5,606
20/04/21 12:45AM,28.9,80.3,586
20/04/21 12:45AM,28.9,80.4,586
20/04/21 12:45AM,29.0,80.3,587
20/04/21 12:45AM,29.0,80.5,587
20/04/21 12:45AM,28.9,80.4,587
20/04/21 12:45AM,29.0,80.5,587
20/04/21 12:46AM,29.0,80.3,587
20/04/21 12:46AM,29.0,80.3,585
20/04/21 12:46AM,29.0,80.6,587
20/04/21 12:46AM,29.0,80.3,587
20/04/21 12:46AM,29.0,80.0,587
20/04/21 12:46AM,29.0,80.3,587
20/04/21 12:47AM,29.0,80.2,586
20/04/21 12:47AM,29.0,80.1,575
20/04/21 12:47AM,29.0,80.3,587
20/04/21 12:47AM,29.0,80.1,587
20/04/21 12:48AM,29.0,80.2,587
20/04/21 12:49AM,29.0,80.0,587
20/04/21 12:49AM,29.0,80.1,587
20/04/21 12:51AM,28.9,80.0,587
20/04/21 12:51AM,28.9,80.0,587
20/04/21 12:53AM,28.9,80.1,587
20/04/21 12:53AM,28.8,80.3,587
20/04/21 12:55AM,28.8,80.3,587
20/04/21 12:56AM,28.8,80.8,587
20/04/21 12:58AM,28.8,80.6,587
20/04/21 12:58AM,28.7,80.7,587
20/04/21 01:00AM,28.8,80.8,586
20/04/21 01:00AM,28.8,80.8,587
20/04/21 01:00AM,28.8,80.8,587
20/04/21 01:00AM,28.8,80.6,586
20/04/21 01:01AM,28.9,80.7,587
20/04/21 01:01AM,28.8,80.7,587
20/04/21 01:01AM,28.8,80.5,587
20/04/21 01:01AM,28.8,80.6,587
20/04/21 01:01AM,28.9,80.6,587
20/04/21 01:01AM,28.9,80.6,587
20/04/21 01:01AM,28.8,80.6,587
20/04/21 01:01AM,28.8,80.7,587
20/04/21 01:01AM,28.9,80.7,587
20/04/21 01:02AM,28.9,80.6,587
20/04/21 01:02AM,28.9,80.5,587
20/04/21 01:02AM,28.9,80.7,587
20/04/21 01:02AM,28.9,80.6,587
20/04/21 01:02AM,28.9,80.4,586
20/04/21 01:02AM,28.9,80.4,587
20/04/21 01:02AM,28.9,80.4,587
20/04/21 01:02AM,29.0,80.3,587
20/04/21 01:02AM,29.0,80.3,587
20/04/21 01:03AM,29.0,80.2,587
20/04/21 01:03AM,28.9,80.2,587
20/04/21 01:03AM,29.0,80.3,585
20/04/21 01:03AM,28.9,80.3,587
20/04/21 01:03AM,28.9,80.2,587
20/04/21 01:03AM,29.0,80.2,586
20/04/21 01:03AM,28.9,80.2,587
20/04/21 01:03AM,28.9,80.3,587
20/04/21 01:03AM,28.9,80.2,586
20/04/21 01:03AM,28.9,80.3,587
20/04/21 01:03AM,28.9,80.3,587
20/04/21 01:04AM,28.9,80.4,587
20/04/21 01:04AM,28.9,80.3,587
20/04/21 01:04AM,28.9,80.4,587
20/04/21 01:04AM,28.9,80.3,587
20/04/21 01:04AM,28.9,80.4,587
20/04/21 01:04AM,28.9,80.3,586
20/04/21 01:04AM,28.9,80.4,587
20/04/21 01:04AM,28.9,80.3,587
20/04/21 01:05AM,28.9,80.3,587
20/04/21 01:05AM,28.9,80.3,587
20/04/21 01:05AM,29.0,80.4,586
20/04/21 01:05AM,28.9,80.2,586
20/04/21 01:05AM,28.9,80.1,587
20/04/21 01:05AM,28.9,80.2,587
20/04/21 01:05AM,29.0,80.1,587
20/04/21 01:06AM,29.0,80.2,586
20/04/21 01:06AM,28.9,80.1,587
20/04/21 01:06AM,28.9,80.1,587
20/04/21 01:06AM,28.9,80.1,587
20/04/21 01:06AM,29.0,80.1,587
20/04/21 01:06AM,28.9,80.1,587
20/04/21 01:06AM,29.0,80.4,586
20/04/21 01:06AM,29.0,80.3,587
20/04/21 01:06AM,28.9,80.2,587
20/04/21 01:07AM,28.9,80.2,586
20/04/21 01:07AM,28.9,80.1,587
20/04/21 01:07AM,29.0,80.4,587
20/04/21 01:07AM,28.9,80.2,586
20/04/21 01:07AM,28.9,80.5,587
20/04/21 01:07AM,28.9,80.4,587
20/04/21 01:07AM,28.9,80.3,587
20/04/21 01:07AM,28.9,80.3,587
20/04/21 01:07AM,28.9,80.2,587
20/04/21 01:08AM,28.9,80.2,587
20/04/21 01:08AM,28.9,80.3,587
20/04/21 01:08AM,28.9,80.3,587
20/04/21 01:08AM,28.9,80.5,586
20/04/21 01:08AM,28.9,80.3,587
20/04/21 01:08AM,28.9,80.4,587
20/04/21 01:08AM,28.9,80.8,587
20/04/21 01:08AM,28.9,80.3,586
20/04/21 01:09AM,28.9,80.2,587
20/04/21 01:09AM,28.9,80.3,587
20/04/21 01:09AM,28.9,80.3,587
20/04/21 01:09AM,28.9,80.3,587
20/04/21 01:09AM,28.9,80.2,586
20/04/21 01:09AM,28.9,80.3,586
20/04/21 01:09AM,28.9,80.3,587
20/04/21 01:09AM,28.9,80.1,587
20/04/21 01:10AM,28.9,80.0,587
20/04/21 01:10AM,28.9,80.2,587
20/04/21 01:10AM,28.9,80.2,587
20/04/21 01:10AM,28.9,80.1,587
20/04/21 01:10AM,28.9,80.1,587
20/04/21 01:10AM,28.9,80.1,587
20/04/21 01:10AM,28.9,80.2,587
20/04/21 01:10AM,28.9,80.3,587
20/04/21 01:11AM,28.9,80.3,587
20/04/21 01:11AM,28.8,80.5,586
20/04/21 01:11AM,28.9,80.4,587
20/04/21 01:11AM,28.8,80.2,586
20/04/21 01:11AM,28.9,80.2,586
20/04/21 01:11AM,28.9,80.2,587
20/04/21 01:11AM,28.9,81.0,587
20/04/21 01:12AM,28.9,80.4,587
20/04/21 01:12AM,28.9,80.7,586
20/04/21 01:12AM,28.9,80.2,587
20/04/21 01:12AM,28.9,80.4,587
20/04/21 01:12AM,28.9,80.2,587
20/04/21 01:12AM,28.9,80.0,587
20/04/21 01:12AM,29.0,80.9,587
20/04/21 01:12AM,29.0,80.3,587
20/04/21 01:12AM,28.9,80.0,587
20/04/21 01:12AM,28.9,79.9,587
20/04/21 01:13AM,29.0,79.9,587
20/04/21 01:13AM,29.0,79.9,587
20/04/21 01:13AM,28.9,80.2,587
20/04/21 01:13AM,28.9,80.1,587
20/04/21 01:13AM,29.0,80.1,587
20/04/21 01:13AM,29.0,79.9,587
20/04/21 01:13AM,29.0,79.8,587
20/04/21 01:13AM,29.0,79.8,587
20/04/21 01:14AM,29.0,79.8,586
20/04/21 01:14AM,29.0,79.8,587
20/04/21 01:14AM,29.0,79.8,587
20/04/21 01:14AM,29.0,80.0,586
20/04/21 01:14AM,28.9,80.0,587
20/04/21 01:14AM,29.0,80.0,587
20/04/21 01:14AM,29.0,80.0,587
20/04/21 01:14AM,29.0,79.9,587
20/04/21 01:15AM,29.0,79.8,585
20/04/21 01:15AM,29.0,80.3,587
20/04/21 01:15AM,29.0,80.0,587
20/04/21 01:15AM,29.0,80.1,587
20/04/21 01:15AM,29.0,80.0,587
20/04/21 01:15AM,29.0,80.0,587
20/04/21 01:15AM,29.0,80.0,587
20/04/21 01:15AM,29.0,79.8,586
20/04/21 01:16AM,29.0,79.9,586
20/04/21 01:16AM,29.0,79.8,587
20/04/21 01:16AM,29.0,79.7,587
20/04/21 01:16AM,29.0,79.8,586
20/04/21 01:16AM,29.0,79.7,587
20/04/21 01:16AM,29.0,79.8,587
20/04/21 01:16AM,29.0,79.9,587
20/04/21 01:16AM,29.0,79.8,586
20/04/21 01:16AM,29.0,79.9,583
20/04/21 01:16AM,29.0,80.1,587
20/04/21 01:17AM,29.0,79.9,587
20/04/21 01:17AM,29.0,80.0,586
20/04/21 01:17AM,29.0,80.5,586
20/04/21 01:17AM,29.0,80.1,587
20/04/21 01:17AM,29.0,80.0,587
20/04/21 01:17AM,29.0,79.9,587
20/04/21 01:17AM,29.0,80.0,587
20/04/21 01:18AM,29.0,79.9,587
20/04/21 01:18AM,29.0,79.8,587
20/04/21 01:18AM,29.0,79.8,587
20/04/21 01:18AM,29.0,79.9,587
20/04/21 01:18AM,29.0,79.9,587
20/04/21 01:18AM,29.0,79.9,586
20/04/21 01:18AM,29.0,79.8,587
20/04/21 01:18AM,29.0,79.9,587
20/04/21 01:19AM,29.0,79.8,587
20/04/21 01:19AM,28.9,79.8,586
20/04/21 01:19AM,28.9,79.8,586
20/04/21 01:19AM,28.9,79.9,586
20/04/21 01:19AM,28.9,79.9,587
20/04/21 01:19AM,29.0,80.0,586
20/04/21 01:19AM,28.9,80.0,586
20/04/21 01:20AM,28.9,79.9,586
20/04/21 01:20AM,29.0,80.2,587
20/04/21 01:20AM,28.9,80.0,587
20/04/21 01:20AM,28.9,80.0,587
20/04/21 01:20AM,28.9,80.1,587
20/04/21 01:20AM,29.0,80.0,587
20/04/21 01:21AM,29.0,79.9,587
20/04/21 01:21AM,29.0,79.8,587
20/04/21 01:21AM,29.0,79.8,586
20/04/21 01:21AM,29.0,79.8,587
20/04/21 01:21AM,29.0,79.7,587
20/04/21 01:21AM,29.0,79.7,587
20/04/21 01:21AM,28.9,79.7,587
20/04/21 01:22AM,28.9,79.8,586
20/04/21 01:22AM,28.9,79.9,587
20/04/21 01:22AM,28.9,79.8,587
20/04/21 01:22AM,28.9,79.9,587
20/04/21 01:22AM,28.9,79.8,587
20/04/21 01:22AM,28.9,80.3,587
20/04/21 01:23AM,28.9,80.1,586
20/04/21 01:23AM,28.9,80.3,587
20/04/21 01:23AM,28.9,80.1,587
20/04/21 01:23AM,28.9,80.1,587
20/04/21 01:23AM,28.9,79.9,587
20/04/21 01:23AM,28.9,79.9,587
20/04/21 01:23AM,28.9,79.8,587
20/04/21 01:24AM,29.0,79.9,586
20/04/21 01:24AM,28.9,79.8,587
20/04/21 01:24AM,28.9,79.9,587
20/04/21 01:24AM,28.9,79.7,587
20/04/21 01:24AM,28.9,79.7,587
20/04/21 01:24AM,28.9,79.7,587
20/04/21 01:24AM,28.9,80.1,587
20/04/21 01:25AM,29.0,79.9,587
20/04/21 01:25AM,28.9,80.1,587
20/04/21 01:25AM,28.9,79.8,587
20/04/21 01:25AM,29.0,79.8,587
20/04/21 01:25AM,29.0,79.6,585
20/04/21 01:25AM,28.9,79.6,585
20/04/21 01:25AM,28.9,79.6,587
20/04/21 01:26AM,28.9,79.6,587
20/04/21 01:26AM,28.9,79.9,587
20/04/21 01:26AM,28.9,79.8,587
20/04/21 01:26AM,28.9,79.8,587
20/04/21 01:26AM,29.0,79.9,587
20/04/21 01:26AM,28.9,79.7,587
20/04/21 01:26AM,29.0,80.0,587
20/04/21 01:26AM,29.0,79.7,587
20/04/21 01:27AM,29.0,79.7,587
20/04/21 01:27AM,29.0,79.6,587
20/04/21 01:27AM,29.0,79.7,587
20/04/21 01:27AM,29.0,80.0,587
20/04/21 01:27AM,29.0,79.7,587
20/04/21 01:27AM,29.0,80.0,587
20/04/21 01:27AM,29.0,80.3,587
20/04/21 01:27AM,29.1,79.7,587
20/04/21 01:28AM,29.0,79.7,587
20/04/21 01:28AM,29.0,79.5,586
20/04/21 01:28AM,29.1,79.5,587
20/04/21 01:28AM,29.0,79.4,587
20/04/21 01:28AM,29.0,79.5,587
20/04/21 01:28AM,29.0,79.3,587
20/04/21 01:29AM,29.1,79.7,587
20/04/21 01:29AM,29.0,79.5,587
20/04/21 01:29AM,29.1,79.3,587
20/04/21 01:29AM,29.1,79.3,587
20/04/21 01:30AM,29.0,79.4,587
20/04/21 01:30AM,29.0,79.3,587
20/04/21 01:30AM,29.0,79.4,587
20/04/21 01:30AM,29.0,79.4,587
20/04/21 01:30AM,29.0,79.3,586
20/04/21 01:30AM,29.1,79.3,586
20/04/21 01:30AM,29.1,79.5,587
20/04/21 01:30AM,29.0,79.3,587
20/04/21 01:30AM,29.0,79.4,587
20/04/21 01:31AM,29.1,79.4,587
20/04/21 01:31AM,29.0,79.3,586
20/04/21 01:31AM,29.0,79.4,587
20/04/21 01:31AM,29.0,79.3,587
20/04/21 01:31AM,29.0,79.3,587
20/04/21 01:31AM,29.0,79.7,587
20/04/21 01:31AM,29.0,79.6,587
20/04/21 01:31AM,29.0,79.6,587
20/04/21 01:31AM,29.0,79.5,587
20/04/21 01:32AM,29.0,79.4,587
20/04/21 01:32AM,29.0,79.3,586
20/04/21 01:32AM,29.0,79.6,587
20/04/21 01:32AM,29.0,79.6,587
20/04/21 01:33AM,29.0,79.4,607
20/04/21 01:34AM,28.9,79.7,606
20/04/21 01:34AM,28.9,79.6,587
21/04/21 02:48PM,30.9,66.0,616
21/04/21 02:48PM,31.1,65.7,598
21/04/21 02:48PM,31.1,64.6,598
21/04/21 02:49PM,31.2,64.4,598
21/04/21 02:49PM,31.1,64.5,597
21/04/21 02:49PM,31.1,64.4,597
21/04/21 02:49PM,31.2,64.5,599
21/04/21 02:49PM,31.1,64.6,599
21/04/21 02:50PM,31.1,64.8,600
21/04/21 02:50PM,31.2,64.7,598
21/04/21 02:50PM,31.2,64.8,599
21/04/21 02:50PM,31.2,64.7,597
21/04/21 02:50PM,31.2,64.7,598
21/04/21 02:51PM,31.2,64.9,598
21/04/21 02:51PM,31.2,65.0,597
21/04/21 02:51PM,31.2,65.0,598
21/04/21 02:51PM,31.2,65.1,598
21/04/21 02:52PM,31.2,65.2,598
21/04/21 02:52PM,31.2,65.4,597
21/04/21 02:52PM,31.2,66.1,598
21/04/21 02:52PM,31.3,65.9,598
21/04/21 02:53PM,31.3,65.6,598
21/04/21 02:53PM,31.3,65.7,599
21/04/21 02:53PM,31.3,66.0,598
21/04/21 02:53PM,31.3,65.7,599
21/04/21 02:53PM,31.3,65.8,598
21/04/21 02:54PM,31.3,66.4,597
21/04/21 02:54PM,31.3,65.9,598
21/04/21 02:54PM,31.3,66.2,599
21/04/21 02:54PM,31.3,65.9,598
21/04/21 02:54PM,31.3,65.6,599
21/04/21 02:55PM,31.3,65.8,598
21/04/21 02:55PM,31.3,65.9,598
21/04/21 03:05PM,31.3,65.7,616
21/04/21 03:05PM,31.4,66.2,597
03/05/21 02:50PM,30.5,74.2,0
03/05/21 02:50PM,30.5,74.1,0
03/05/21 02:50PM,30.5,74.3,0
03/05/21 02:50PM,30.5,74.3,0
03/05/21 02:51PM,30.6,74.3,0
03/05/21 02:51PM,30.6,74.4,0
03/05/21 02:51PM,30.7,74.1,0
03/05/21 02:52PM,30.7,73.8,0
03/05/21 02:52PM,30.7,74.0,0
03/05/21 02:54PM,30.7,74.1,0
03/05/21 02:54PM,31.0,73.7,0
03/05/21 02:54PM,31.0,73.2,0
03/05/21 02:54PM,30.9,73.1,0
07/05/21 07:33PM,27.6,75.5,0
07/05/21 07:33PM,27.6,75.5,0
07/05/21 07:33PM,28.1,72.9,0
07/05/21 07:33PM,28.1,72.9,0
07/05/21 07:33PM,28.1,72.9,0
07/05/21 07:33PM,28.1,72.9,0
07/05/21 07:33PM,28.1,72.8,0
07/05/21 07:33PM,28.1,72.8,0
07/05/21 07:33PM,28.1,72.8,607
07/05/21 07:33PM,28.1,72.8,589
07/05/21 07:33PM,28.1,72.5,588
07/05/21 07:33PM,28.1,72.5,588
07/05/21 07:33PM,28.1,72.4,588
07/05/21 07:33PM,28.1,72.4,590
07/05/21 07:33PM,28.1,72.4,588
07/05/21 07:33PM,28.1,72.4,592
07/05/21 07:33PM,28.1,72.3,588
07/05/21 07:33PM,28.1,72.3,588
07/05/21 07:33PM,28.2,72.3,588
07/05/21 07:33PM,28.2,72.3,592
07/05/21 07:33PM,28.2,72.3,588
07/05/21 07:44PM,28.1,72.2,607
07/05/21 07:44PM,28.0,72.9,587
07/05/21 07:44PM,28.0,73.1,588
07/05/21 07:44PM,28.0,72.5,588
07/05/21 07:44PM,28.0,72.3,587
07/05/21 07:44PM,28.0,72.3,588
07/05/21 07:45PM,28.0,72.4,587
07/05/21 07:45PM,28.0,72.6,587
07/05/21 07:45PM,28.0,72.7,587
07/05/21 07:45PM,28.0,72.9,588
07/05/21 07:45PM,28.0,72.5,587
07/05/21 07:45PM,27.9,72.5,587
07/05/21 07:45PM,28.0,72.6,587
07/05/21 07:45PM,28.0,72.6,587
07/05/21 07:45PM,28.0,72.4,587
07/05/21 07:45PM,28.0,72.2,587
07/05/21 07:45PM,28.0,72.4,587
07/05/21 07:46PM,28.0,72.3,587
07/05/21 07:46PM,28.0,72.3,587
07/05/21 07:46PM,28.0,72.3,588
07/05/21 07:46PM,28.0,72.1,588
07/05/21 07:46PM,27.9,72.0,588
07/05/21 07:46PM,28.0,72.1,587
07/05/21 07:46PM,28.0,72.2,587
07/05/21 07:46PM,27.9,72.2,586
07/05/21 07:46PM,27.9,72.5,587
07/05/21 07:47PM,27.9,72.5,587
07/05/21 07:47PM,27.9,72.4,587
07/05/21 07:47PM,27.9,72.4,588
07/05/21 07:47PM,27.9,72.5,587
07/05/21 07:47PM,27.9,72.4,587
07/05/21 07:47PM,27.9,72.4,587
07/05/21 07:47PM,27.9,72.4,587
07/05/21 07:47PM,28.0,72.3,587
07/05/21 07:48PM,27.9,72.2,587
07/05/21 07:48PM,28.0,72.2,588
07/05/21 07:48PM,27.9,72.2,587
07/05/21 07:48PM,27.9,72.2,588
07/05/21 07:48PM,27.9,72.2,588
07/05/21 07:48PM,27.9,72.2,588
07/05/21 07:48PM,27.9,72.2,588
07/05/21 07:48PM,27.9,72.2,587
07/05/21 07:48PM,27.9,72.3,587
07/05/21 07:48PM,27.8,72.4,588
07/05/21 07:49PM,27.8,72.4,588
07/05/21 07:49PM,27.8,72.4,587
07/05/21 07:49PM,27.8,72.4,588
07/05/21 07:49PM,27.8,72.4,588
07/05/21 07:49PM,27.9,72.5,587
07/05/21 07:49PM,27.8,72.5,588
07/05/21 07:49PM,27.8,72.4,587
07/05/21 07:49PM,27.8,72.5,588
07/05/21 07:49PM,27.8,72.3,587
07/05/21 07:50PM,27.8,72.3,587
07/05/21 07:50PM,27.8,72.4,588
07/05/21 07:50PM,27.8,72.5,587
07/05/21 07:50PM,27.8,72.5,588
07/05/21 07:50PM,27.8,72.5,587
07/05/21 07:50PM,27.8,72.5,587
07/05/21 07:50PM,27.8,72.5,587
07/05/21 07:50PM,27.8,72.5,588
07/05/21 07:50PM,27.8,72.6,587
07/05/21 07:50PM,27.8,72.7,587
07/05/21 07:51PM,27.8,72.6,587
07/05/21 07:51PM,27.8,72.5,587
07/05/21 07:51PM,27.8,72.6,587
07/05/21 07:51PM,27.8,72.7,587
07/05/21 07:51PM,27.7,72.6,588
07/05/21 07:51PM,27.8,72.6,587
07/05/21 07:51PM,27.7,72.5,587
07/05/21 07:51PM,27.8,72.5,588
07/05/21 07:51PM,27.8,72.6,588
07/05/21 07:51PM,27.8,72.7,587
07/05/21 07:52PM,27.8,72.6,588
07/05/21 07:52PM,27.7,72.5,587
07/05/21 07:52PM,27.8,72.5,588
07/05/21 07:52PM,27.7,72.5,587
07/05/21 07:52PM,27.7,72.5,588
07/05/21 07:52PM,27.7,72.7,587
07/05/21 07:52PM,27.7,72.7,587
07/05/21 07:53PM,27.7,72.8,587
07/05/21 07:53PM,27.7,72.7,588
07/05/21 07:53PM,27.7,72.7,588
07/05/21 07:53PM,27.7,72.8,587
07/05/21 07:53PM,27.7,72.8,588
07/05/21 07:53PM,27.7,72.7,588
07/05/21 07:53PM,27.6,72.7,588
07/05/21 07:53PM,27.7,72.6,587
07/05/21 07:53PM,27.7,72.6,588
07/05/21 07:54PM,27.7,72.7,588
07/05/21 07:54PM,27.6,72.7,587
07/05/21 07:54PM,27.6,73.0,588
07/05/21 07:54PM,27.6,73.1,588
07/05/21 07:54PM,27.6,73.0,588
07/05/21 07:54PM,27.6,73.1,587
07/05/21 07:54PM,27.6,72.9,587
07/05/21 07:54PM,27.7,72.8,587
07/05/21 07:54PM,27.6,72.8,587
07/05/21 07:55PM,27.6,72.8,588
07/05/21 07:55PM,27.6,72.9,588
07/05/21 07:55PM,27.7,72.9,587
07/05/21 07:55PM,27.6,72.8,587
07/05/21 07:55PM,27.7,72.8,588
07/05/21 07:55PM,27.6,72.7,588
07/05/21 07:55PM,27.6,72.7,588
07/05/21 07:55PM,27.6,72.8,587
07/05/21 07:55PM,27.6,72.7,587
07/05/21 07:55PM,27.7,72.8,587
07/05/21 07:56PM,27.6,72.7,587
07/05/21 07:56PM,27.6,72.7,587
07/05/21 07:56PM,27.6,72.7,588
07/05/21 07:56PM,27.6,72.7,588
07/05/21 07:56PM,27.6,72.7,588
07/05/21 07:56PM,27.6,72.8,587
07/05/21 07:56PM,27.6,72.9,587
07/05/21 07:56PM,27.6,72.9,588
07/05/21 07:56PM,27.6,73.0,587
07/05/21 07:56PM,27.6,72.9,587
07/05/21 07:57PM,27.6,72.8,587
07/05/21 07:57PM,27.6,72.8,588
07/05/21 07:57PM,27.6,72.9,588
07/05/21 07:57PM,27.6,73.0,588
07/05/21 07:57PM,27.6,73.0,588
07/05/21 07:57PM,27.6,73.0,588
07/05/21 07:57PM,27.6,73.1,588
07/05/21 07:57PM,27.6,73.1,587
07/05/21 07:57PM,27.6,73.1,588
07/05/21 07:57PM,27.6,73.0,588
07/05/21 07:58PM,27.6,73.0,587
07/05/21 07:58PM,27.6,72.9,588
07/05/21 07:58PM,27.6,73.1,588
07/05/21 07:58PM,27.6,73.1,588
07/05/21 07:58PM,27.6,73.1,587
07/05/21 07:58PM,27.6,73.1,588
07/05/21 07:58PM,27.6,73.1,587
07/05/21 07:58PM,27.6,73.1,587
07/05/21 07:59PM,27.6,73.1,588
07/05/21 07:59PM,27.6,73.0,588
07/05/21 07:59PM,27.6,73.0,588
07/05/21 07:59PM,27.6,73.0,588
07/05/21 07:59PM,27.6,73.0,588
07/05/21 07:59PM,27.6,73.0,588
07/05/21 07:59PM,27.6,72.9,588
07/05/21 07:59PM,27.6,73.0,588
07/05/21 07:59PM,27.6,72.9,588
07/05/21 07:59PM,27.6,72.9,587
07/05/21 08:00PM,27.6,72.8,588
07/05/21 08:00PM,27.6,72.8,588
07/05/21 08:00PM,27.6,72.8,588
07/05/21 08:00PM,27.7,72.8,588
07/05/21 08:00PM,27.6,72.8,587
07/05/21 08:00PM,27.7,72.8,588
07/05/21 08:00PM,27.6,72.7,588
07/05/21 08:00PM,27.6,72.8,588
07/05/21 08:01PM,27.6,72.7,588
07/05/21 08:01PM,27.6,72.6,587
07/05/21 08:01PM,27.6,72.7,588
07/05/21 08:01PM,27.7,73.0,588
07/05/21 08:01PM,27.6,72.7,587
07/05/21 08:01PM,27.6,72.7,588
07/05/21 08:01PM,27.6,72.6,588
07/05/21 08:02PM,27.7,72.5,588
07/05/21 08:02PM,27.7,72.6,588
07/05/21 08:02PM,27.7,72.6,588
07/05/21 08:02PM,27.7,72.3,588
07/05/21 08:02PM,27.7,72.1,588
07/05/21 08:02PM,27.7,72.1,588
07/05/21 08:02PM,27.8,72.1,588
07/05/21 08:02PM,27.7,72.0,588
07/05/21 08:03PM,27.8,71.9,588
07/05/21 08:03PM,27.8,71.9,588
07/05/21 08:03PM,27.8,71.8,588
07/05/21 08:03PM,27.8,71.8,588
07/05/21 08:03PM,27.8,71.8,588
07/05/21 08:03PM,27.8,71.8,588
07/05/21 08:03PM,27.8,71.8,588
07/05/21 08:03PM,27.8,71.7,588
07/05/21 08:03PM,27.8,71.8,587
07/05/21 08:03PM,27.8,71.9,588
07/05/21 08:03PM,27.8,71.9,588
07/05/21 08:04PM,27.8,71.9,588
07/05/21 08:04PM,27.8,71.8,588
07/05/21 08:04PM,27.8,71.8,588
07/05/21 08:04PM,27.8,71.8,588
07/05/21 08:04PM,27.8,71.8,588
07/05/21 08:04PM,27.8,71.9,588
07/05/21 08:04PM,27.8,71.9,588
07/05/21 08:04PM,27.9,71.8,588
07/05/21 08:04PM,27.8,71.8,588
07/05/21 08:04PM,27.9,71.6,588
07/05/21 08:04PM,27.8,71.5,588
07/05/21 08:05PM,27.8,71.7,588
07/05/21 08:05PM,27.8,71.5,588
07/05/21 08:05PM,27.8,71.4,587
07/05/21 08:05PM,27.8,71.5,588
07/05/21 08:05PM,27.9,71.7,588
07/05/21 08:05PM,27.8,71.7,587
07/05/21 08:05PM,27.8,71.6,588
07/05/21 08:05PM,27.8,71.6,588
07/05/21 08:05PM,27.8,71.6,588
07/05/21 08:05PM,27.8,71.7,587
07/05/21 08:05PM,27.8,71.6,588
07/05/21 08:05PM,27.9,71.6,588
07/05/21 08:06PM,27.8,71.7,587
07/05/21 08:06PM,27.8,71.7,587
07/05/21 08:06PM,27.8,71.7,588
07/05/21 08:06PM,27.8,71.7,588
07/05/21 08:06PM,27.8,72.0,587
07/05/21 08:06PM,27.8,72.1,588
07/05/21 08:06PM,27.7,72.0,587
07/05/21 08:06PM,27.8,72.0,587
07/05/21 08:06PM,27.8,72.1,588
07/05/21 08:06PM,27.8,72.0,587
07/05/21 08:07PM,27.8,71.9,587
07/05/21 08:07PM,27.8,72.0,588
07/05/21 08:07PM,27.8,71.8,588
07/05/21 08:07PM,27.8,71.7,588
07/05/21 08:07PM,27.8,71.7,588
07/05/21 08:07PM,27.8,71.7,588
07/05/21 08:07PM,27.8,71.7,588
07/05/21 08:07PM,27.7,71.8,588
07/05/21 08:08PM,27.8,71.9,588
07/05/21 08:08PM,27.7,71.9,588
07/05/21 08:08PM,27.7,72.0,587
07/05/21 08:08PM,27.7,71.9,588
07/05/21 08:08PM,27.7,71.8,588
07/05/21 08:08PM,27.7,72.0,588
07/05/21 08:08PM,27.7,72.1,588
07/05/21 08:08PM,27.7,72.2,588
07/05/21 08:08PM,27.7,72.0,587
07/05/21 08:08PM,27.7,72.2,588
07/05/21 08:09PM,27.7,72.3,587
07/05/21 08:09PM,27.7,72.1,588
07/05/21 08:09PM,27.7,72.2,588
07/05/21 08:09PM,27.7,72.2,588
07/05/21 08:09PM,27.7,72.1,588
07/05/21 08:09PM,27.7,72.0,588
07/05/21 08:09PM,27.7,71.9,587
07/05/21 08:09PM,27.7,71.9,588
07/05/21 08:09PM,27.7,72.0,588
07/05/21 08:10PM,27.7,72.0,588
07/05/21 08:10PM,27.7,72.0,588
07/05/21 08:10PM,27.7,71.8,588
07/05/21 08:10PM,27.8,71.7,588
07/05/21 08:10PM,27.7,71.7,588
07/05/21 08:10PM,27.7,71.7,588
07/05/21 08:10PM,27.7,71.8,588
07/05/21 08:10PM,27.7,71.9,588
07/05/21 08:10PM,27.7,71.8,588
07/05/21 08:11PM,27.7,71.9,588
07/05/21 08:11PM,27.7,72.0,588
07/05/21 08:11PM,27.6,71.9,588
07/05/21 08:11PM,27.6,71.9,588
07/05/21 08:11PM,27.6,72.2,588
07/05/21 08:11PM,27.6,72.2,588
07/05/21 08:11PM,27.7,72.0,588
07/05/21 08:11PM,27.7,72.2,588
07/05/21 08:11PM,27.7,72.1,588
07/05/21 08:12PM,27.7,72.3,587
07/05/21 08:12PM,27.7,72.3,588
07/05/21 08:12PM,27.8,72.0,588
07/05/21 08:12PM,27.8,71.9,588
07/05/21 08:12PM,27.8,71.8,588
07/05/21 08:12PM,27.8,71.7,588
07/05/21 08:12PM,27.8,71.8,588
07/05/21 08:12PM,27.8,71.7,588
07/05/21 08:13PM,27.7,71.8,588
07/05/21 08:13PM,27.8,71.7,588
07/05/21 08:13PM,27.7,71.7,588
07/05/21 08:13PM,27.7,71.7,588
07/05/21 08:13PM,27.8,72.0,588
07/05/21 08:13PM,27.8,72.1,588
07/05/21 08:13PM,27.7,72.0,588
07/05/21 08:13PM,27.8,71.9,588
07/05/21 08:14PM,27.8,71.7,588
07/05/21 08:14PM,27.8,71.6,588
07/05/21 08:14PM,27.8,71.5,588
07/05/21 08:14PM,27.8,71.5,588
07/05/21 08:14PM,27.8,71.6,588
07/05/21 08:14PM,27.8,71.6,588
07/05/21 08:14PM,27.8,71.6,588
07/05/21 08:14PM,27.7,71.8,587
07/05/21 08:15PM,27.8,71.8,588
07/05/21 08:15PM,27.8,71.8,588
07/05/21 08:15PM,27.7,71.9,588
07/05/21 08:15PM,27.7,71.8,588
07/05/21 08:15PM,27.7,71.8,588
07/05/21 08:15PM,27.7,71.9,588
07/05/21 08:15PM,27.7,71.9,588
07/05/21 08:15PM,27.7,71.8,588
07/05/21 08:15PM,27.7,71.8,587
07/05/21 08:16PM,27.7,71.9,588
07/05/21 08:16PM,27.7,71.8,588
07/05/21 08:16PM,27.7,71.7,588
07/05/21 08:16PM,27.7,71.8,588
07/05/21 08:16PM,27.7,71.8,588
07/05/21 08:16PM,27.7,71.9,588
07/05/21 08:16PM,27.7,71.9,588
07/05/21 08:16PM,27.8,71.9,588
07/05/21 08:16PM,27.8,71.8,588
07/05/21 08:17PM,27.8,71.7,588
07/05/21 08:17PM,27.8,71.7,588
07/05/21 08:17PM,27.8,71.6,588
07/05/21 08:17PM,27.8,71.7,588
07/05/21 08:17PM,27.7,71.7,588
07/05/21 08:17PM,27.8,71.8,588
07/05/21 08:17PM,27.8,72.0,588
07/05/21 08:17PM,27.7,71.9,588
07/05/21 08:17PM,27.7,71.9,588
07/05/21 08:17PM,27.8,71.9,588
07/05/21 08:18PM,27.8,71.9,588
07/05/21 08:18PM,27.8,71.9,587
07/05/21 08:18PM,27.8,71.8,588
07/05/21 08:18PM,27.8,71.8,588
07/05/21 08:18PM,27.8,71.8,588
07/05/21 08:18PM,27.8,71.8,588
07/05/21 08:18PM,27.8,71.7,588
07/05/21 08:18PM,27.8,71.7,588
07/05/21 08:18PM,27.8,71.7,588
07/05/21 08:18PM,27.8,71.7,588
07/05/21 08:19PM,27.8,71.6,588
07/05/21 08:19PM,27.9,71.7,588
07/05/21 08:19PM,27.8,72.1,588
07/05/21 08:19PM,27.8,72.0,588
07/05/21 08:19PM,27.8,71.7,588
07/05/21 08:19PM,27.8,71.6,588
07/05/21 08:19PM,27.8,71.8,587
07/05/21 08:20PM,27.8,71.7,588
07/05/21 08:20PM,27.8,71.6,588
07/05/21 08:20PM,27.8,71.6,588
07/05/21 08:20PM,27.8,71.6,588
07/05/21 08:20PM,27.8,71.6,588
07/05/21 08:20PM,27.8,71.6,588
07/05/21 08:20PM,27.8,71.6,588
07/05/21 08:20PM,27.8,71.6,588
07/05/21 08:20PM,27.8,71.6,588
07/05/21 08:20PM,27.8,71.6,588
07/05/21 08:20PM,27.8,71.6,588
07/05/21 08:21PM,27.8,71.6,588
07/05/21 08:21PM,27.7,71.6,588
07/05/21 08:21PM,27.7,71.6,588
07/05/21 08:21PM,27.7,71.6,588
07/05/21 08:21PM,27.7,71.7,588
07/05/21 08:21PM,27.7,71.9,588
07/05/21 08:21PM,27.7,72.0,588
07/05/21 08:21PM,27.7,72.3,588
07/05/21 08:22PM,27.7,72.3,588
07/05/21 08:22PM,27.7,72.2,588
07/05/21 08:22PM,27.7,72.1,588
07/05/21 08:22PM,27.7,72.4,588
07/05/21 08:22PM,27.7,72.2,588
07/05/21 08:22PM,27.7,72.1,588
07/05/21 08:22PM,27.7,72.1,588
07/05/21 08:22PM,27.7,72.1,588
07/05/21 08:22PM,27.7,72.1,588
07/05/21 08:23PM,27.8,72.1,589
07/05/21 08:23PM,27.8,71.9,588
07/05/21 08:23PM,27.7,71.9,588
07/05/21 08:23PM,27.7,72.0,588
07/05/21 08:23PM,27.8,71.9,588
07/05/21 08:23PM,27.8,72.0,588
07/05/21 08:23PM,27.8,72.1,588
07/05/21 08:23PM,27.8,72.1,588
07/05/21 08:23PM,27.8,72.1,588
07/05/21 08:24PM,27.8,71.8,588
07/05/21 08:24PM,27.8,71.8,588
07/05/21 08:24PM,27.8,71.7,588
07/05/21 08:24PM,27.8,71.7,588
07/05/21 08:24PM,27.8,71.7,593
07/05/21 08:24PM,27.8,71.6,588
07/05/21 08:24PM,27.8,71.6,588
07/05/21 08:24PM,27.8,71.6,588
07/05/21 08:24PM,27.8,71.6,588
07/05/21 08:25PM,27.8,71.6,588
07/05/21 08:25PM,27.8,71.7,588
07/05/21 08:25PM,27.8,71.8,588
07/05/21 08:25PM,27.8,71.9,588
07/05/21 08:25PM,27.7,71.9,588
07/05/21 08:25PM,27.7,71.8,588
07/05/21 08:25PM,27.7,71.8,588
07/05/21 08:25PM,27.7,71.9,588
07/05/21 08:25PM,27.8,71.9,588
07/05/21 08:26PM,27.7,71.9,588
07/05/21 08:26PM,27.7,71.8,588
07/05/21 08:26PM,27.7,71.8,588
07/05/21 08:26PM,27.7,72.1,585
07/05/21 08:26PM,27.7,72.2,588
07/05/21 08:26PM,27.7,72.0,588
07/05/21 08:26PM,27.7,72.0,588
07/05/21 08:26PM,27.7,72.1,588
07/05/21 08:27PM,27.7,72.1,588
07/05/21 08:27PM,27.7,72.1,588
07/05/21 08:27PM,27.7,72.0,588
07/05/21 08:27PM,27.7,72.0,588
07/05/21 08:27PM,27.7,72.0,588
07/05/21 08:27PM,27.7,72.0,588
07/05/21 08:27PM,27.7,72.1,588
07/05/21 08:27PM,27.7,72.1,588
07/05/21 08:27PM,27.7,72.1,588
07/05/21 08:28PM,27.7,72.0,588
07/05/21 08:28PM,27.7,72.0,588
07/05/21 08:28PM,27.7,72.0,588
07/05/21 08:28PM,27.7,72.0,587
07/05/21 08:28PM,27.8,72.0,588
07/05/21 08:28PM,27.7,71.9,588
07/05/21 08:28PM,27.7,71.8,587
07/05/21 08:28PM,27.8,71.8,588
07/05/21 08:28PM,27.8,71.8,588
07/05/21 08:29PM,27.8,71.7,588
07/05/21 08:29PM,27.8,72.0,588
07/05/21 08:29PM,27.8,71.8,588
07/05/21 08:29PM,27.8,71.9,588
07/05/21 08:29PM,27.8,71.8,588
07/05/21 08:29PM,27.9,71.9,588
07/05/21 08:29PM,27.9,71.7,588
07/05/21 08:30PM,27.9,71.6,588
07/05/21 08:30PM,27.8,71.5,588
07/05/21 08:30PM,27.9,71.5,588
07/05/21 08:30PM,27.9,71.5,588
07/05/21 08:30PM,27.9,71.5,588
07/05/21 08:30PM,27.9,71.5,588
07/05/21 08:30PM,27.9,71.5,588
07/05/21 08:30PM,27.9,71.5,589
07/05/21 08:30PM,27.9,71.4,588
07/05/21 08:30PM,27.9,71.4,588
07/05/21 08:31PM,28.0,71.3,588
07/05/21 08:31PM,28.0,71.3,588
07/05/21 08:31PM,28.1,71.5,588
07/05/21 08:31PM,28.1,71.4,588
07/05/21 08:31PM,28.1,71.2,588
07/05/21 08:31PM,28.1,71.1,588
07/05/21 08:31PM,28.1,71.1,588
07/05/21 08:31PM,28.0,71.0,588
07/05/21 08:31PM,28.1,71.0,588
07/05/21 08:31PM,28.1,71.1,588
07/05/21 08:32PM,28.1,71.2,588
07/05/21 08:32PM,28.1,71.1,588
07/05/21 08:32PM,28.1,71.0,588
07/05/21 08:32PM,28.1,70.9,588
07/05/21 08:32PM,28.1,70.9,588
07/05/21 08:32PM,28.0,71.0,588
07/05/21 08:32PM,28.1,71.0,588
07/05/21 08:32PM,28.1,71.0,588
07/05/21 08:32PM,28.0,71.0,588
07/05/21 08:32PM,28.0,71.0,588
07/05/21 08:33PM,28.0,71.0,588
07/05/21 08:33PM,28.0,71.2,588
07/05/21 08:33PM,28.0,71.2,588
07/05/21 08:33PM,28.0,71.2,588
07/05/21 08:33PM,28.0,71.2,588
07/05/21 08:33PM,27.9,71.1,588
07/05/21 08:33PM,28.0,71.2,588
07/05/21 08:33PM,27.9,71.3,588
07/05/21 08:34PM,27.9,71.4,588
07/05/21 08:34PM,27.9,71.4,588
07/05/21 08:34PM,27.9,71.5,588
07/05/21 08:34PM,27.9,71.5,588
07/05/21 08:34PM,27.9,71.6,588
07/05/21 08:34PM,27.8,71.5,588
07/05/21 08:34PM,27.9,71.6,588
07/05/21 08:34PM,27.9,71.6,588
07/05/21 08:34PM,27.9,71.6,588
07/05/21 08:34PM,27.9,71.6,588
07/05/21 08:35PM,27.9,71.6,588
07/05/21 08:35PM,27.9,71.5,588
07/05/21 08:35PM,27.9,71.4,588
07/05/21 08:35PM,27.9,71.5,588
07/05/21 08:35PM,27.9,71.4,587
07/05/21 08:35PM,27.9,71.4,588
07/05/21 08:35PM,27.9,71.4,588
07/05/21 08:35PM,27.9,71.4,588
07/05/21 08:35PM,27.9,71.4,588
07/05/21 08:35PM,27.9,71.4,588
07/05/21 08:35PM,27.9,71.3,588
07/05/21 08:35PM,27.9,71.4,588
07/05/21 08:36PM,27.9,71.4,588
07/05/21 08:36PM,27.9,71.5,588
07/05/21 08:36PM,27.9,71.3,588
07/05/21 08:36PM,27.9,71.4,588
07/05/21 08:36PM,27.9,71.6,588
07/05/21 08:36PM,27.9,71.7,588
07/05/21 08:36PM,27.9,71.8,589
07/05/21 08:36PM,27.9,71.8,588
07/05/21 08:36PM,27.9,71.6,588
07/05/21 08:36PM,27.9,71.5,588
07/05/21 08:37PM,27.9,71.8,588
07/05/21 08:37PM,27.9,71.7,588
07/05/21 08:37PM,27.9,71.7,588
07/05/21 08:37PM,27.9,71.7,588
07/05/21 08:37PM,27.9,71.6,588
07/05/21 08:37PM,27.9,71.6,588
07/05/21 08:37PM,27.9,71.6,588
07/05/21 08:37PM,27.9,71.5,588
07/05/21 08:37PM,27.9,71.5,588
07/05/21 08:37PM,27.8,71.6,588
07/05/21 08:38PM,27.8,71.7,588
07/05/21 08:38PM,27.8,71.5,588
07/05/21 08:38PM,27.8,71.5,588
07/05/21 08:38PM,27.8,71.7,588
07/05/21 08:38PM,27.8,71.8,587
07/05/21 08:38PM,27.8,71.8,588
07/05/21 08:38PM,27.7,71.8,588
07/05/21 08:38PM,27.7,71.8,588
07/05/21 08:39PM,27.7,72.1,588
07/05/21 08:39PM,27.7,72.0,588
07/05/21 08:39PM,27.7,72.0,588
07/05/21 08:39PM,27.7,72.0,588
07/05/21 08:39PM,27.7,72.1,588
07/05/21 08:39PM,27.6,72.1,588
07/05/21 08:39PM,27.6,72.2,588
07/05/21 08:39PM,27.7,72.3,588
07/05/21 08:40PM,27.6,72.2,588
07/05/21 08:40PM,27.6,72.2,588
07/05/21 08:40PM,27.7,72.2,588
07/05/21 08:40PM,27.7,72.2,588
07/05/21 08:40PM,27.7,72.3,588
07/05/21 08:40PM,27.7,72.5,588
07/05/21 08:40PM,27.7,72.3,588
07/05/21 08:40PM,27.7,72.3,588
07/05/21 08:40PM,27.6,72.2,588
07/05/21 08:40PM,27.6,72.4,588
07/05/21 08:41PM,27.7,72.5,588
07/05/21 08:41PM,27.6,72.4,588
07/05/21 08:41PM,27.6,72.5,588
07/05/21 08:41PM,27.6,72.6,588
07/05/21 08:41PM,27.6,72.6,588
07/05/21 08:41PM,27.7,72.5,588
07/05/21 08:41PM,27.7,72.3,588
07/05/21 08:41PM,27.7,72.4,588
07/05/21 08:41PM,27.7,72.4,588
07/05/21 08:42PM,27.7,72.3,587
07/05/21 08:42PM,27.7,72.3,588
07/05/21 08:42PM,27.7,72.3,588
07/05/21 08:42PM,27.7,72.3,588
07/05/21 08:42PM,27.7,72.4,588
07/05/21 08:42PM,27.7,72.5,588
07/05/21 08:42PM,27.6,72.6,588
07/05/21 08:42PM,27.7,72.6,588
07/05/21 08:42PM,27.7,72.6,588
07/05/21 08:43PM,27.6,72.6,588
07/05/21 08:43PM,27.7,72.7,588
07/05/21 08:43PM,27.6,72.7,588
07/05/21 08:43PM,27.7,72.6,588
07/05/21 08:43PM,27.7,72.5,588
07/05/21 08:43PM,27.6,72.5,588
07/05/21 08:43PM,27.6,72.6,588
07/05/21 08:43PM,27.6,72.7,588
07/05/21 08:43PM,27.6,72.6,588
07/05/21 08:43PM,27.6,72.6,588
07/05/21 08:44PM,27.6,72.9,588
07/05/21 08:44PM,27.6,72.9,588
07/05/21 08:44PM,27.6,72.9,588
07/05/21 08:44PM,27.7,72.8,588
07/05/21 08:44PM,27.6,72.7,588
07/05/21 08:44PM,27.6,72.8,588
07/05/21 08:44PM,27.6,72.8,588
07/05/21 08:44PM,27.6,72.8,587
07/05/21 08:44PM,27.6,72.8,588
07/05/21 08:44PM,27.6,72.9,588
07/05/21 08:45PM,27.7,73.0,588
07/05/21 08:45PM,27.6,73.0,588
07/05/21 08:45PM,27.6,73.1,588
07/05/21 08:45PM,27.6,72.9,588
07/05/21 08:45PM,27.7,72.9,588
07/05/21 08:45PM,27.6,72.9,588
07/05/21 08:45PM,27.7,72.9,588
07/05/21 08:45PM,27.7,73.0,588
07/05/21 08:45PM,27.7,73.1,588
07/05/21 08:45PM,27.6,72.9,588
07/05/21 08:46PM,27.6,72.9,588
07/05/21 08:46PM,27.6,72.9,588
07/05/21 08:46PM,27.6,73.1,588
07/05/21 08:46PM,27.6,73.1,588
07/05/21 08:46PM,27.6,73.1,588
07/05/21 08:46PM,27.7,73.1,588
07/05/21 08:46PM,27.7,73.0,588
07/05/21 08:46PM,27.6,73.0,587
07/05/21 08:46PM,27.6,73.0,588
07/05/21 08:46PM,27.6,72.9,588
07/05/21 08:47PM,27.6,72.9,588
07/05/21 08:47PM,27.6,73.0,588
07/05/21 08:47PM,27.6,73.4,588
07/05/21 08:47PM,27.6,73.4,588
07/05/21 08:47PM,27.6,73.2,588
07/05/21 08:47PM,27.6,73.2,588
07/05/21 08:47PM,27.6,73.2,588
07/05/21 08:47PM,27.6,73.3,588
07/05/21 08:47PM,27.6,73.2,588
07/05/21 08:48PM,27.6,73.1,588
07/05/21 08:48PM,27.7,73.1,588
07/05/21 08:48PM,27.6,73.1,588
07/05/21 08:48PM,27.6,73.0,588
07/05/21 08:48PM,27.6,73.0,588
07/05/21 08:48PM,27.6,73.1,588
07/05/21 08:48PM,27.6,73.2,588
07/05/21 08:48PM,27.6,73.3,588
07/05/21 08:48PM,27.6,73.3,588
07/05/21 08:48PM,27.6,73.6,587
07/05/21 08:49PM,27.6,73.6,588
07/05/21 08:49PM,27.6,73.4,588
07/05/21 08:49PM,27.7,73.2,587
07/05/21 08:49PM,27.7,73.2,588
07/05/21 08:49PM,27.6,73.2,588
07/05/21 08:49PM,27.6,73.2,587
07/05/21 08:49PM,27.6,73.3,588
07/05/21 08:49PM,27.6,73.4,588
07/05/21 08:49PM,27.6,73.5,588
07/05/21 08:50PM,27.6,73.6,588
07/05/21 08:50PM,27.5,73.6,588
07/05/21 08:50PM,27.5,73.8,588
07/05/21 08:50PM,27.5,73.9,588
07/05/21 08:50PM,27.5,73.9,588
07/05/21 08:50PM,27.5,73.9,588
07/05/21 08:50PM,27.5,74.0,588
07/05/21 08:50PM,27.4,74.0,588
07/05/21 08:50PM,27.4,74.1,586
07/05/21 08:50PM,27.4,74.1,587
07/05/21 08:50PM,27.4,74.2,588
07/05/21 08:51PM,27.4,74.3,588
07/05/21 08:51PM,27.4,74.4,588
07/05/21 08:51PM,27.3,74.4,588
07/05/21 08:51PM,27.3,74.5,589
07/05/21 08:51PM,27.3,74.6,587
07/05/21 08:51PM,27.3,74.5,588
07/05/21 08:51PM,27.3,74.6,588
07/05/21 08:51PM,27.3,74.7,588
07/05/21 08:51PM,27.3,74.7,588
07/05/21 08:51PM,27.3,74.7,588
07/05/21 08:52PM,27.3,74.7,588
07/05/21 08:52PM,27.3,74.8,588
07/05/21 08:52PM,27.3,74.9,588
07/05/21 08:52PM,27.3,74.9,588
07/05/21 08:52PM,27.3,74.9,588
07/05/21 08:52PM,27.3,75.0,589
07/05/21 08:52PM,27.2,74.9,588
07/05/21 08:52PM,27.3,75.0,588
07/05/21 08:52PM,27.2,75.0,588
07/05/21 08:53PM,27.2,75.3,588
07/05/21 08:53PM,27.2,75.3,588
07/05/21 08:53PM,27.2,75.4,588
07/05/21 08:53PM,27.2,75.4,588
07/05/21 08:53PM,27.2,75.4,588
07/05/21 08:53PM,27.2,75.5,588
07/05/21 08:53PM,27.2,75.4,588
07/05/21 08:53PM,27.2,75.4,588
07/05/21 08:53PM,27.2,75.4,588
07/05/21 08:53PM,27.2,75.4,588
07/05/21 08:54PM,27.2,75.4,588
07/05/21 08:54PM,27.2,75.4,588
07/05/21 08:54PM,27.2,75.5,588
07/05/21 08:54PM,27.2,75.5,588
07/05/21 08:54PM,27.2,75.5,588
07/05/21 08:54PM,27.2,75.6,588
07/05/21 08:54PM,27.2,75.6,588
07/05/21 08:54PM,27.2,75.6,589
07/05/21 08:55PM,27.2,75.6,589
07/05/21 08:55PM,27.2,75.6,588
07/05/21 08:55PM,27.2,75.6,588
07/05/21 08:55PM,27.2,75.6,588
07/05/21 08:55PM,27.2,75.6,588
07/05/21 08:55PM,27.2,75.7,588
07/05/21 08:55PM,27.3,75.6,588
07/05/21 08:55PM,27.3,75.6,588
07/05/21 08:55PM,27.2,75.6,588
07/05/21 08:55PM,27.2,75.6,588
07/05/21 08:56PM,27.3,75.7,588
07/05/21 08:56PM,27.3,75.7,588
07/05/21 08:56PM,27.3,75.7,588
07/05/21 08:56PM,27.2,75.7,588
07/05/21 08:56PM,27.2,75.8,588
07/05/21 08:56PM,27.3,75.8,588
07/05/21 08:56PM,27.3,75.9,588
07/05/21 08:56PM,27.2,75.9,588
07/05/21 08:56PM,27.2,75.9,588
07/05/21 08:56PM,27.2,76.0,588
07/05/21 08:57PM,27.2,76.1,588
07/05/21 08:57PM,27.1,76.2,588
07/05/21 08:57PM,27.1,76.3,589
07/05/21 08:57PM,27.1,76.3,588
07/05/21 08:57PM,27.1,76.3,588
07/05/21 08:57PM,27.1,76.3,588
07/05/21 08:57PM,27.1,76.4,588
07/05/21 08:57PM,27.1,76.4,588
07/05/21 08:57PM,27.1,76.4,588
07/05/21 08:57PM,27.1,76.4,588
07/05/21 08:58PM,27.1,76.5,588
07/05/21 08:58PM,27.1,76.6,588
07/05/21 08:58PM,27.1,76.6,589
07/05/21 08:58PM,27.1,76.6,588
07/05/21 08:58PM,27.1,76.6,588
07/05/21 08:58PM,27.1,76.6,588
07/05/21 08:58PM,27.1,76.7,589
07/05/21 08:58PM,27.1,76.7,589
07/05/21 08:59PM,27.1,76.7,589
07/05/21 08:59PM,27.1,76.7,588
07/05/21 08:59PM,27.1,76.7,588
07/05/21 08:59PM,27.1,76.7,588
07/05/21 08:59PM,27.1,76.7,588
07/05/21 08:59PM,27.1,76.7,588
07/05/21 08:59PM,27.1,76.7,588
07/05/21 08:59PM,27.1,76.8,588
07/05/21 09:00PM,27.1,76.7,588
07/05/21 09:00PM,27.1,76.8,589
07/05/21 09:00PM,27.1,76.8,589
07/05/21 09:00PM,27.1,76.9,588
07/05/21 09:00PM,27.1,76.9,588
07/05/21 09:00PM,27.1,77.0,588
07/05/21 09:00PM,27.1,77.1,588
07/05/21 09:00PM,27.1,77.1,588
07/05/21 09:00PM,27.1,77.2,589
07/05/21 09:01PM,27.1,77.2,589
07/05/21 09:01PM,27.0,77.2,588
07/05/21 09:01PM,27.0,77.3,588
07/05/21 09:01PM,27.0,77.3,588
07/05/21 09:01PM,27.0,77.3,589
07/05/21 09:01PM,27.0,77.4,588
07/05/21 09:01PM,27.0,77.4,588
07/05/21 09:01PM,27.0,77.5,588
07/05/21 09:01PM,26.9,77.6,588
07/05/21 09:02PM,26.9,77.6,588
07/05/21 09:02PM,27.0,77.6,588
07/05/21 09:02PM,27.0,77.7,589
07/05/21 09:02PM,27.0,77.7,589
07/05/21 09:02PM,26.9,77.7,588
07/05/21 09:02PM,27.0,77.7,589
07/05/21 09:02PM,27.0,77.8,588
07/05/21 09:02PM,27.0,77.9,588
07/05/21 09:02PM,27.0,77.8,588
07/05/21 09:03PM,27.0,77.9,589
07/05/21 09:03PM,26.9,77.9,588
07/05/21 09:03PM,26.9,77.9,588
07/05/21 09:03PM,26.9,77.9,588
07/05/21 09:03PM,26.9,78.0,589
07/05/21 09:03PM,26.9,78.0,588
07/05/21 09:03PM,26.9,78.0,588
07/05/21 09:04PM,26.9,78.1,589
07/05/21 09:04PM,26.9,78.1,588
07/05/21 09:04PM,26.8,78.1,589
07/05/21 09:04PM,26.9,78.2,589
07/05/21 09:04PM,26.9,78.2,589
07/05/21 09:04PM,26.9,78.2,589
07/05/21 09:04PM,26.8,78.1,588
07/05/21 09:04PM,26.9,78.2,588
07/05/21 09:05PM,26.9,78.4,588
07/05/21 09:05PM,26.9,78.4,588
07/05/21 09:05PM,26.8,78.4,589
07/05/21 09:05PM,26.9,78.5,588
07/05/21 09:05PM,26.9,78.5,589
07/05/21 09:05PM,26.8,78.5,589
07/05/21 09:05PM,26.9,78.6,589
07/05/21 09:05PM,26.8,78.5,589
07/05/21 09:05PM,26.8,78.5,589
07/05/21 09:06PM,26.8,78.6,588
07/05/21 09:06PM,26.8,78.6,589
07/05/21 09:06PM,26.8,78.6,588
07/05/21 09:06PM,26.8,78.6,589
07/05/21 09:06PM,26.8,78.7,589
07/05/21 09:06PM,26.8,78.7,589
07/05/21 09:06PM,26.8,78.8,588
07/05/21 09:06PM,26.8,78.8,589
07/05/21 09:06PM,26.8,78.7,589
07/05/21 09:07PM,26.8,78.7,589
07/05/21 09:07PM,26.8,78.8,589
07/05/21 09:07PM,26.8,78.8,589
07/05/21 09:07PM,26.8,78.9,589
07/05/21 09:07PM,26.8,78.9,588
07/05/21 09:07PM,26.8,78.9,589
07/05/21 09:07PM,26.8,78.9,589
07/05/21 09:07PM,26.8,78.8,589
07/05/21 09:08PM,26.8,78.9,588
07/05/21 09:08PM,26.8,78.8,589
07/05/21 09:08PM,26.8,78.8,589
07/05/21 09:08PM,26.8,78.8,588
07/05/21 09:08PM,26.8,78.8,588
07/05/21 09:08PM,26.8,78.8,589
07/05/21 09:08PM,26.9,78.7,589
07/05/21 09:08PM,26.9,78.7,589
07/05/21 09:09PM,26.9,78.7,589
07/05/21 09:09PM,26.9,78.7,589
07/05/21 09:09PM,26.9,78.7,589
07/05/21 09:09PM,26.9,78.6,588
07/05/21 09:09PM,26.9,78.7,589
07/05/21 09:09PM,26.9,78.6,589
07/05/21 09:09PM,26.9,78.6,589
07/05/21 09:09PM,26.9,78.7,588
07/05/21 09:09PM,26.9,78.7,589
07/05/21 09:10PM,26.9,78.8,589
07/05/21 09:10PM,26.9,78.8,589
07/05/21 09:10PM,26.9,78.8,589
07/05/21 09:10PM,26.9,78.7,589
07/05/21 09:10PM,26.9,78.8,589
07/05/21 09:10PM,26.9,78.8,588
07/05/21 09:10PM,26.9,78.9,588
07/05/21 09:10PM,26.9,78.9,588
07/05/21 09:10PM,26.9,78.9,589
07/05/21 09:10PM,26.9,78.9,588
07/05/21 09:11PM,26.9,78.9,589
07/05/21 09:11PM,26.9,78.9,588
07/05/21 09:11PM,26.9,78.9,589
07/05/21 09:11PM,26.9,78.9,589
07/05/21 09:11PM,27.0,78.8,589
07/05/21 09:11PM,27.0,78.9,589
07/05/21 09:11PM,27.0,78.9,588
07/05/21 09:11PM,26.9,78.9,588
07/05/21 09:11PM,27.0,78.8,589
07/05/21 09:12PM,27.0,79.0,588
07/05/21 09:12PM,27.0,78.9,588
07/05/21 09:12PM,27.0,78.9,589
07/05/21 09:12PM,27.0,78.9,588
07/05/21 09:12PM,27.0,79.1,589
07/05/21 09:12PM,27.0,79.2,588
07/05/21 09:12PM,27.0,78.9,588
07/05/21 09:12PM,27.0,78.8,589
07/05/21 09:13PM,27.0,78.7,589
07/05/21 09:13PM,27.0,78.7,589
07/05/21 09:13PM,27.1,78.7,588
07/05/21 09:13PM,27.1,78.6,588
07/05/21 09:13PM,27.1,78.6,588
07/05/21 09:13PM,27.1,78.6,588
07/05/21 09:13PM,27.1,78.5,589
07/05/21 09:13PM,27.1,78.5,589
07/05/21 09:13PM,27.1,78.6,589
07/05/21 09:14PM,27.1,78.8,588
07/05/21 09:14PM,27.1,78.7,588
07/05/21 09:14PM,27.1,78.7,589
07/05/21 09:14PM,27.1,78.7,589
07/05/21 09:14PM,27.1,78.7,589
07/05/21 09:14PM,27.1,78.7,589
07/05/21 09:14PM,27.1,78.9,588
07/05/21 09:14PM,27.1,78.8,588
07/05/21 09:15PM,27.1,78.7,588
07/05/21 09:15PM,27.1,78.6,589
07/05/21 09:15PM,27.2,78.7,588
07/05/21 09:15PM,27.2,78.6,588
07/05/21 09:15PM,27.2,78.5,588
07/05/21 09:15PM,27.2,78.5,588
07/05/21 09:15PM,27.2,78.3,588
07/05/21 09:15PM,27.2,78.3,588
07/05/21 09:15PM,27.2,78.3,588
07/05/21 09:15PM,27.3,78.3,589
07/05/21 09:16PM,27.2,78.3,588
07/05/21 09:16PM,27.2,78.2,588
07/05/21 09:16PM,27.3,78.2,588
07/05/21 09:16PM,27.2,78.2,588
07/05/21 09:16PM,27.2,78.2,589
07/05/21 09:16PM,27.2,78.5,588
07/05/21 09:16PM,27.2,78.4,589
07/05/21 09:16PM,27.2,78.4,588
07/05/21 09:16PM,27.2,78.4,588
07/05/21 09:17PM,27.2,78.5,588
07/05/21 09:17PM,27.2,78.8,589
07/05/21 09:17PM,27.2,78.5,588
07/05/21 09:17PM,27.2,78.6,589
07/05/21 09:17PM,27.2,78.6,588
07/05/21 09:17PM,27.2,78.5,589
07/05/21 09:17PM,27.2,78.4,589
07/05/21 09:17PM,27.2,78.3,589
07/05/21 09:18PM,27.2,78.4,588
07/05/21 09:18PM,27.2,78.5,588
07/05/21 09:18PM,27.2,78.6,588
07/05/21 09:18PM,27.2,78.4,588
07/05/21 09:18PM,27.2,78.3,588
07/05/21 09:18PM,27.2,78.3,588
07/05/21 09:18PM,27.2,78.4,588
07/05/21 09:18PM,27.2,78.4,588
07/05/21 09:19PM,27.2,78.5,588
07/05/21 09:19PM,27.2,78.4,588
07/05/21 09:19PM,27.2,78.4,589
07/05/21 09:19PM,27.2,78.4,588
07/05/21 09:19PM,27.2,78.3,588
07/05/21 09:19PM,27.2,78.7,588
07/05/21 09:19PM,27.2,78.5,588
07/05/21 09:19PM,27.2,78.5,588
07/05/21 09:20PM,27.2,78.6,588
07/05/21 09:20PM,27.2,78.6,588
07/05/21 09:20PM,27.1,78.7,588
07/05/21 09:20PM,27.1,78.7,588
07/05/21 09:20PM,27.1,78.7,588
07/05/21 09:20PM,27.1,78.8,588
07/05/21 09:20PM,27.1,78.8,589
07/05/21 09:20PM,27.1,78.8,588
07/05/21 09:20PM,27.1,78.9,588
07/05/21 09:20PM,27.0,78.9,588
07/05/21 09:21PM,27.1,79.0,588
07/05/21 09:21PM,27.0,79.1,589
07/05/21 09:21PM,27.0,79.1,589
07/05/21 09:21PM,27.0,79.1,588
07/05/21 09:21PM,27.0,79.1,589
07/05/21 09:21PM,27.0,79.1,588
07/05/21 09:21PM,27.0,79.1,589
07/05/21 09:21PM,27.0,79.1,589
07/05/21 09:21PM,27.0,79.1,589
07/05/21 09:22PM,27.0,79.1,588
07/05/21 09:22PM,27.0,79.1,589
07/05/21 09:22PM,27.0,79.2,589
07/05/21 09:22PM,27.0,79.2,588
07/05/21 09:22PM,27.0,79.3,589
07/05/21 09:22PM,26.9,79.3,588
07/05/21 09:22PM,26.9,79.4,589
07/05/21 09:22PM,26.9,79.6,588
07/05/21 09:22PM,26.9,79.7,589
07/05/21 09:22PM,26.9,79.7,589
07/05/21 09:23PM,26.8,79.8,589
07/05/21 09:23PM,26.8,79.8,588
07/05/21 09:23PM,26.8,79.8,588
07/05/21 09:23PM,26.8,79.8,589
07/05/21 09:23PM,26.9,79.8,588
07/05/21 09:23PM,26.9,79.8,588
07/05/21 09:23PM,26.8,79.8,588
07/05/21 09:24PM,26.8,79.9,589
07/05/21 09:24PM,26.8,80.0,589
07/05/21 09:24PM,26.8,80.0,589
07/05/21 09:24PM,26.8,80.1,588
07/05/21 09:24PM,26.8,80.1,589
07/05/21 09:24PM,26.8,80.1,588
07/05/21 09:24PM,26.8,80.1,589
07/05/21 09:24PM,26.8,80.2,588
07/05/21 09:25PM,26.8,80.2,589
07/05/21 09:25PM,26.8,80.2,589
07/05/21 09:25PM,26.8,80.2,589
07/05/21 09:25PM,26.8,80.2,589
07/05/21 09:25PM,26.8,80.2,589
07/05/21 09:25PM,26.8,80.2,589
07/05/21 09:25PM,26.8,80.2,588
07/05/21 09:25PM,26.8,80.2,590
07/05/21 09:25PM,26.8,80.2,589
07/05/21 09:26PM,26.8,80.2,589
07/05/21 09:26PM,26.8,80.2,589
07/05/21 09:26PM,26.8,80.3,589
07/05/21 09:26PM,26.8,80.3,589
07/05/21 09:26PM,26.8,80.2,588
07/05/21 09:26PM,26.8,80.3,588
07/05/21 09:26PM,26.8,80.3,588
07/05/21 09:26PM,26.8,80.3,588
07/05/21 09:26PM,26.8,80.3,589
07/05/21 09:26PM,26.8,80.3,589
07/05/21 09:27PM,26.8,80.3,589
07/05/21 09:27PM,26.8,80.3,588
07/05/21 09:27PM,26.8,80.3,588
07/05/21 09:27PM,26.8,80.3,589
07/05/21 09:27PM,26.8,80.3,589
07/05/21 09:27PM,26.8,80.3,589
07/05/21 09:27PM,26.8,80.3,589
07/05/21 09:27PM,26.7,80.3,589
07/05/21 09:27PM,26.8,80.3,589
07/05/21 09:28PM,26.8,80.3,589
07/05/21 09:28PM,26.8,80.3,589
07/05/21 09:28PM,26.8,80.3,589
07/05/21 09:28PM,26.7,80.4,588
07/05/21 09:28PM,26.8,80.4,588
07/05/21 09:28PM,26.7,80.4,589
07/05/21 09:28PM,26.8,80.4,588
07/05/21 09:28PM,26.8,80.4,589
07/05/21 09:29PM,26.8,80.3,589
07/05/21 09:29PM,26.8,80.3,589
07/05/21 09:29PM,26.8,80.3,589
07/05/21 09:29PM,26.8,80.4,589
07/05/21 09:29PM,26.8,80.3,588
07/05/21 09:29PM,26.8,80.3,589
07/05/21 09:29PM,26.8,80.2,588
07/05/21 09:29PM,26.8,80.2,588
07/05/21 09:29PM,26.8,80.3,589
07/05/21 09:29PM,26.8,80.3,588
07/05/21 09:29PM,26.8,80.3,588
07/05/21 09:30PM,26.8,80.2,589
07/05/21 09:30PM,26.8,80.2,589
07/05/21 09:30PM,26.8,80.2,588
07/05/21 09:30PM,26.8,80.3,588
07/05/21 09:30PM,26.8,80.3,587
07/05/21 09:30PM,26.8,80.4,588
07/05/21 09:30PM,26.8,80.4,589
07/05/21 09:30PM,26.8,80.4,589
07/05/21 09:30PM,26.8,80.4,589
07/05/21 09:30PM,26.8,80.5,589
07/05/21 09:31PM,26.8,80.5,588
07/05/21 09:31PM,26.8,80.6,589
07/05/21 09:31PM,26.8,80.6,589
07/05/21 09:31PM,26.8,80.5,589
07/05/21 09:31PM,26.8,80.4,589
07/05/21 09:31PM,26.8,80.4,589
07/05/21 09:31PM,26.8,80.5,588
07/05/21 09:31PM,26.8,80.4,589
07/05/21 09:31PM,26.8,80.3,589
07/05/21 09:32PM,26.8,80.3,588
07/05/21 09:32PM,26.8,80.3,587
07/05/21 09:32PM,26.8,80.3,588
07/05/21 09:32PM,26.8,80.3,588
07/05/21 09:32PM,26.9,80.2,589
07/05/21 09:32PM,26.9,80.2,588
07/05/21 09:32PM,26.8,80.2,588
07/05/21 09:32PM,26.8,80.2,589
07/05/21 09:32PM,26.9,80.3,588
07/05/21 09:33PM,26.8,80.2,589
07/05/21 09:33PM,26.8,80.2,589
07/05/21 09:33PM,26.9,80.2,588
07/05/21 09:33PM,26.9,80.2,589
07/05/21 09:33PM,26.9,80.3,588
07/05/21 09:33PM,26.9,80.3,589
07/05/21 09:33PM,26.9,80.3,589
07/05/21 09:33PM,26.9,80.1,589
07/05/21 09:33PM,27.0,80.1,589
07/05/21 09:33PM,27.0,80.1,588
07/05/21 09:34PM,27.0,80.1,589
07/05/21 09:34PM,27.0,80.0,589
07/05/21 09:34PM,27.0,80.0,590
07/05/21 09:34PM,27.0,79.9,589
07/05/21 09:34PM,27.0,80.0,589
07/05/21 09:34PM,27.0,80.1,589
07/05/21 09:34PM,27.0,80.3,589
07/05/21 09:34PM,27.0,80.2,589
07/05/21 09:34PM,27.1,80.0,589
07/05/21 09:35PM,27.0,79.9,588
07/05/21 09:35PM,27.1,79.9,588
07/05/21 09:35PM,27.0,79.8,588
07/05/21 09:35PM,27.0,79.9,588
07/05/21 09:35PM,27.0,79.8,589
07/05/21 09:35PM,27.0,79.8,589
07/05/21 09:35PM,27.1,79.7,588
07/05/21 09:35PM,27.0,79.7,589
07/05/21 09:35PM,27.1,79.6,589
07/05/21 09:35PM,27.1,79.8,589
07/05/21 09:36PM,27.1,79.7,589
07/05/21 09:36PM,27.1,79.6,589
07/05/21 09:36PM,27.1,79.6,588
07/05/21 09:36PM,27.1,79.5,588
07/05/21 09:36PM,27.1,79.5,589
07/05/21 09:36PM,27.1,79.5,589
07/05/21 09:36PM,27.1,79.6,589
07/05/21 09:36PM,27.1,79.5,589
07/05/21 09:37PM,27.1,79.5,588
07/05/21 09:37PM,27.1,79.5,589
07/05/21 09:37PM,27.1,79.5,588
07/05/21 09:37PM,27.1,79.5,589
07/05/21 09:37PM,27.1,79.6,588
07/05/21 09:37PM,27.1,79.5,589
07/05/21 09:37PM,27.1,79.6,589
07/05/21 09:37PM,27.1,79.5,588
07/05/21 09:37PM,27.1,79.5,588
07/05/21 09:37PM,27.1,79.5,588
07/05/21 09:38PM,27.1,79.4,589
07/05/21 09:38PM,27.1,79.5,589
07/05/21 09:38PM,27.1,80.1,588
07/05/21 09:38PM,27.1,79.7,588
07/05/21 09:38PM,27.1,79.8,588
07/05/21 09:38PM,27.1,79.9,589
07/05/21 09:38PM,27.1,79.8,588
07/05/21 09:38PM,27.1,79.7,588
07/05/21 09:39PM,27.1,79.7,588
07/05/21 09:39PM,27.1,79.8,589
07/05/21 09:39PM,27.1,79.8,588
07/05/21 09:39PM,27.1,79.8,588
07/05/21 09:39PM,27.1,79.8,589
07/05/21 09:39PM,27.1,79.7,589
07/05/21 09:39PM,27.1,79.8,588
07/05/21 09:39PM,27.1,79.7,589
07/05/21 09:40PM,27.1,79.8,588
07/05/21 09:40PM,27.1,80.1,588
07/05/21 09:40PM,27.1,80.0,588
07/05/21 09:40PM,27.1,79.7,588
07/05/21 09:40PM,27.1,79.7,589
07/05/21 09:40PM,27.1,79.7,588
07/05/21 09:40PM,27.1,79.6,588
07/05/21 09:40PM,27.1,79.6,588
07/05/21 09:40PM,27.1,79.6,589
07/05/21 09:41PM,27.1,79.7,589
07/05/21 09:41PM,27.1,79.7,589
07/05/21 09:41PM,27.0,79.7,589
07/05/21 09:41PM,27.1,79.8,589
07/05/21 09:41PM,27.0,79.7,589
07/05/21 09:41PM,27.0,79.8,589
07/05/21 09:41PM,27.0,79.8,589
07/05/21 09:41PM,27.0,79.9,588
07/05/21 09:41PM,27.0,80.0,589
07/05/21 09:41PM,27.0,80.1,588
07/05/21 09:41PM,27.0,80.1,588
07/05/21 09:42PM,27.0,80.1,588
07/05/21 09:42PM,27.0,80.3,589
07/05/21 09:42PM,26.9,80.3,589
07/05/21 09:42PM,26.9,80.3,588
07/05/21 09:42PM,26.9,80.3,589
07/05/21 09:42PM,26.9,80.3,588
07/05/21 09:42PM,27.0,80.2,588
07/05/21 09:42PM,27.0,80.2,588
07/05/21 09:42PM,27.0,80.3,589
07/05/21 09:43PM,26.9,80.4,589
07/05/21 09:43PM,26.9,80.4,589
07/05/21 09:43PM,26.9,80.6,588
07/05/21 09:43PM,26.9,80.6,588
07/05/21 09:43PM,26.9,80.6,588
07/05/21 09:43PM,27.0,80.5,588
07/05/21 09:43PM,27.0,80.5,589
07/05/21 09:43PM,26.9,80.4,588
07/05/21 09:43PM,27.0,80.4,589
07/05/21 09:43PM,27.0,80.4,589
07/05/21 09:43PM,27.0,80.4,588
07/05/21 09:44PM,27.0,80.6,589
07/05/21 09:44PM,27.1,80.7,588
07/05/21 09:44PM,27.1,80.6,588
07/05/21 09:44PM,27.1,80.4,588
07/05/21 09:44PM,27.1,80.2,589
07/05/21 09:44PM,27.1,80.4,588
07/05/21 09:44PM,27.1,80.2,588
07/05/21 09:44PM,27.1,80.1,588
07/05/21 09:45PM,27.1,79.9,588
07/05/21 09:45PM,27.1,79.9,588
07/05/21 09:45PM,27.1,79.8,588
07/05/21 09:45PM,27.1,79.8,588
07/05/21 09:45PM,27.1,79.7,588
07/05/21 09:45PM,27.1,79.8,588
07/05/21 09:45PM,27.1,79.9,588
07/05/21 09:45PM,27.1,79.9,588
07/05/21 09:46PM,27.1,80.0,588
07/05/21 09:46PM,27.1,80.0,589
07/05/21 09:46PM,27.1,80.0,589
07/05/21 09:46PM,27.1,79.9,588
07/05/21 09:46PM,27.1,79.9,588
07/05/21 09:46PM,27.1,79.9,588
07/05/21 09:46PM,27.1,79.9,588
07/05/21 09:46PM,27.1,80.0,588
07/05/21 09:46PM,27.1,80.0,589
07/05/21 09:46PM,27.1,80.0,588
07/05/21 09:46PM,27.1,80.1,588
07/05/21 09:47PM,27.1,80.3,589
07/05/21 09:47PM,27.1,80.3,588
07/05/21 09:47PM,27.1,80.3,588
07/05/21 09:47PM,27.1,80.6,588
07/05/21 09:47PM,27.1,80.5,588
07/05/21 09:47PM,27.1,80.2,588
07/05/21 09:47PM,27.1,80.1,589
07/05/21 09:47PM,27.1,80.2,588
07/05/21 09:47PM,27.1,80.3,588
07/05/21 09:48PM,27.1,80.2,588
07/05/21 09:48PM,27.1,80.3,588
07/05/21 09:48PM,27.1,80.3,588
07/05/21 09:48PM,27.1,80.3,588
07/05/21 09:48PM,27.1,80.2,588
07/05/21 09:48PM,27.1,80.2,588
07/05/21 09:48PM,27.1,80.2,588
07/05/21 09:48PM,27.1,80.1,588
07/05/21 09:48PM,27.1,80.1,588
07/05/21 09:49PM,27.1,80.2,588
07/05/21 09:49PM,27.1,80.1,588
07/05/21 09:49PM,27.1,80.1,589
07/05/21 09:49PM,27.1,80.1,588
07/05/21 09:49PM,27.1,80.1,588
07/05/21 09:49PM,27.1,80.2,588
07/05/21 09:49PM,27.1,80.3,588
07/05/21 09:49PM,27.1,80.3,588
07/05/21 09:49PM,27.1,80.3,588
07/05/21 09:50PM,27.1,80.4,588
07/05/21 09:50PM,27.0,80.4,588
07/05/21 09:50PM,27.1,80.5,588
07/05/21 09:50PM,27.1,80.4,588
07/05/21 09:50PM,27.1,80.4,588
07/05/21 09:50PM,27.1,80.3,588
07/05/21 09:50PM,27.1,80.3,589
07/05/21 09:50PM,27.1,80.3,588
07/05/21 09:50PM,27.1,80.5,588
07/05/21 09:51PM,27.1,80.5,589
07/05/21 09:51PM,27.0,80.5,588
07/05/21 09:51PM,27.1,80.5,588
07/05/21 09:51PM,27.1,80.5,588
07/05/21 09:51PM,27.0,80.4,588
07/05/21 09:51PM,27.1,80.4,589
07/05/21 09:51PM,27.1,80.4,588
07/05/21 09:51PM,27.1,80.4,588
07/05/21 09:51PM,27.1,80.4,588
07/05/21 09:51PM,27.1,80.4,589
07/05/21 09:52PM,27.1,80.5,588
07/05/21 09:52PM,27.1,80.5,588
07/05/21 09:52PM,27.1,80.5,589
07/05/21 09:52PM,27.1,80.5,589
07/05/21 09:52PM,27.0,80.5,589
07/05/21 09:52PM,27.1,80.5,588
07/05/21 09:52PM,27.1,80.4,588
07/05/21 09:52PM,27.1,80.4,589
07/05/21 09:52PM,27.1,80.5,589
07/05/21 09:53PM,27.1,80.5,589
07/05/21 09:53PM,27.0,80.5,589
07/05/21 09:53PM,27.0,80.5,588
07/05/21 09:53PM,27.1,80.5,589
07/05/21 09:53PM,27.1,81.0,588
07/05/21 09:53PM,27.0,80.8,588
07/05/21 09:53PM,27.0,80.7,589
07/05/21 09:53PM,27.1,80.7,589
07/05/21 09:53PM,27.0,80.7,588
07/05/21 09:54PM,27.0,80.8,588
07/05/21 09:54PM,27.0,80.7,589
07/05/21 09:54PM,27.1,80.8,588
07/05/21 09:54PM,27.1,80.8,589
07/05/21 09:54PM,27.0,80.7,589
07/05/21 09:54PM,27.0,80.7,588
07/05/21 09:54PM,27.0,80.8,588
07/05/21 09:54PM,27.0,80.8,589
07/05/21 09:54PM,27.0,80.7,589
07/05/21 09:54PM,27.0,80.8,588
07/05/21 09:55PM,27.0,80.9,588
07/05/21 09:55PM,27.0,81.0,589
07/05/21 09:55PM,27.0,80.9,589
07/05/21 09:55PM,27.0,80.9,588
07/05/21 09:55PM,27.1,80.9,588
07/05/21 09:55PM,27.0,80.8,588
07/05/21 09:55PM,27.0,80.9,588
07/05/21 09:55PM,27.0,80.8,589
07/05/21 09:55PM,27.0,80.8,588
07/05/21 09:56PM,27.0,80.9,588
07/05/21 09:56PM,27.0,80.8,588
07/05/21 09:56PM,27.0,80.9,588
07/05/21 09:56PM,27.0,80.9,588
07/05/21 09:56PM,27.1,80.9,588
07/05/21 09:56PM,27.1,80.8,588
07/05/21 09:56PM,27.1,80.7,588
07/05/21 09:56PM,27.0,80.8,589
07/05/21 09:57PM,27.0,80.9,588
07/05/21 09:57PM,27.0,80.9,588
07/05/21 09:57PM,27.0,81.2,588
07/05/21 09:57PM,27.0,81.2,589
07/05/21 09:57PM,27.0,81.3,587
07/05/21 09:57PM,26.9,81.2,588
07/05/21 09:57PM,26.9,81.2,589
07/05/21 09:57PM,27.0,81.2,589
07/05/21 09:57PM,26.9,81.3,588
07/05/21 09:58PM,26.9,81.3,588
07/05/21 09:58PM,26.9,81.5,589
07/05/21 09:58PM,26.8,81.6,589
07/05/21 09:58PM,26.8,81.6,588
07/05/21 09:58PM,26.8,81.8,588
07/05/21 09:58PM,26.8,81.8,589
07/05/21 09:58PM,26.8,81.9,588
07/05/21 09:58PM,26.8,81.9,588
07/05/21 09:59PM,26.8,81.9,588
07/05/21 09:59PM,26.8,82.1,588
07/05/21 09:59PM,26.8,82.0,588
07/05/21 09:59PM,26.8,81.9,589
07/05/21 09:59PM,26.8,82.0,588
07/05/21 09:59PM,26.8,81.9,588
07/05/21 09:59PM,26.8,81.9,588
07/05/21 09:59PM,26.8,81.9,588
07/05/21 10:00PM,26.9,81.9,588
07/05/21 10:00PM,26.8,81.9,589
07/05/21 10:00PM,26.9,81.8,588
07/05/21 10:00PM,26.9,81.8,588
07/05/21 10:00PM,26.8,81.8,589
07/05/21 10:00PM,26.9,82.0,588
07/05/21 10:00PM,26.9,81.9,588
07/05/21 10:00PM,26.9,81.9,588
07/05/21 10:00PM,26.9,81.8,588
07/05/21 10:00PM,26.9,81.7,588
07/05/21 10:00PM,27.0,81.6,589
07/05/21 10:01PM,26.9,81.7,588
07/05/21 10:01PM,27.0,81.6,589
07/05/21 10:01PM,26.9,81.8,588
07/05/21 10:01PM,26.9,81.8,588
07/05/21 10:01PM,27.0,81.8,589
07/05/21 10:01PM,26.9,81.8,589
07/05/21 10:01PM,26.9,81.6,588
07/05/21 10:01PM,26.9,81.8,588
07/05/21 10:02PM,26.9,81.8,589
07/05/21 10:02PM,27.0,81.7,588
07/05/21 10:02PM,27.0,81.6,588
07/05/21 10:02PM,26.9,81.5,588
07/05/21 10:02PM,27.0,81.6,587
07/05/21 10:02PM,27.0,81.6,589
07/05/21 10:02PM,26.9,81.6,588
07/05/21 10:02PM,26.9,81.7,589
07/05/21 10:02PM,26.9,81.8,588
07/05/21 10:03PM,26.9,81.8,588
07/05/21 10:03PM,26.9,81.8,589
07/05/21 10:03PM,26.9,81.8,589
07/05/21 10:03PM,26.9,81.8,588
07/05/21 10:03PM,26.9,81.7,589
07/05/21 10:03PM,27.0,81.7,588
07/05/21 10:03PM,26.9,81.6,588
07/05/21 10:03PM,26.9,81.7,588
07/05/21 10:03PM,26.9,81.7,589
07/05/21 10:03PM,26.9,81.7,589
07/05/21 10:04PM,26.9,81.7,589
07/05/21 10:04PM,26.9,81.8,589
07/05/21 10:04PM,26.9,82.0,588
07/05/21 10:04PM,26.9,82.0,589
07/05/21 10:04PM,26.9,81.9,588
07/05/21 10:04PM,26.9,81.9,588
07/05/21 10:04PM,26.9,81.8,589
07/05/21 10:05PM,26.9,81.8,589
07/05/21 10:05PM,26.9,81.8,589
07/05/21 10:05PM,26.9,81.8,588
07/05/21 10:05PM,26.9,81.8,588
07/05/21 10:05PM,27.0,81.8,589
07/05/21 10:05PM,27.0,81.6,588
07/05/21 10:05PM,27.0,81.7,589
07/05/21 10:05PM,27.0,81.6,589
07/05/21 10:05PM,27.0,81.7,589
07/05/21 10:06PM,27.0,81.6,589
07/05/21 10:06PM,27.0,81.5,589
07/05/21 10:06PM,27.0,81.6,589
07/05/21 10:06PM,27.0,81.6,589
07/05/21 10:06PM,27.0,81.7,589
07/05/21 10:06PM,27.0,81.5,588
07/05/21 10:06PM,27.0,81.5,590
07/05/21 10:06PM,27.0,81.4,589
07/05/21 10:06PM,27.0,81.4,589
07/05/21 10:06PM,27.0,81.4,589
07/05/21 10:06PM,27.0,81.4,589
07/05/21 10:07PM,27.0,81.4,589
07/05/21 10:07PM,27.0,81.4,589
07/05/21 10:07PM,27.0,81.5,588
07/05/21 10:07PM,26.9,81.7,588
07/05/21 10:07PM,26.9,81.8,589
07/05/21 10:07PM,26.9,81.8,589
07/05/21 10:07PM,26.9,81.9,589
07/05/21 10:07PM,26.9,81.9,589
07/05/21 10:08PM,26.9,82.0,589
07/05/21 10:08PM,26.9,82.0,589
07/05/21 10:08PM,26.9,82.0,589
07/05/21 10:08PM,26.9,82.1,588
07/05/21 10:08PM,26.9,82.0,589
07/05/21 10:08PM,26.9,82.0,589
07/05/21 10:08PM,26.9,82.1,589
07/05/21 10:08PM,26.9,82.1,588
07/05/21 10:08PM,26.9,82.0,589
07/05/21 10:09PM,26.9,82.0,588
07/05/21 10:09PM,26.9,82.0,588
07/05/21 10:09PM,26.9,81.9,589
07/05/21 10:09PM,26.9,81.9,588
07/05/21 10:09PM,26.9,82.0,589
07/05/21 10:09PM,26.9,81.9,589
07/05/21 10:09PM,26.9,82.0,589
07/05/21 10:09PM,26.9,81.8,589
07/05/21 10:10PM,26.9,81.8,589
07/05/21 10:10PM,27.0,81.9,589
07/05/21 10:10PM,26.9,81.9,589
07/05/21 10:10PM,26.9,81.8,589
07/05/21 10:10PM,26.9,81.8,588
07/05/21 10:10PM,26.9,81.7,589
07/05/21 10:10PM,26.9,81.8,589
07/05/21 10:10PM,26.9,81.8,589
07/05/21 10:11PM,27.0,81.9,589
07/05/21 10:11PM,27.0,81.9,589
07/05/21 10:11PM,27.0,81.8,589
07/05/21 10:11PM,27.0,81.8,589
07/05/21 10:11PM,27.0,81.8,589
07/05/21 10:11PM,27.0,81.8,589
07/05/21 10:11PM,27.0,81.7,589
07/05/21 10:11PM,27.0,81.7,588
07/05/21 10:12PM,27.0,81.7,589
07/05/21 10:12PM,27.0,81.6,589
07/05/21 10:12PM,27.0,81.7,590
07/05/21 10:12PM,27.0,81.8,589
07/05/21 10:12PM,27.0,81.8,588
07/05/21 10:12PM,27.0,81.7,589
07/05/21 10:12PM,26.9,81.7,589
07/05/21 10:13PM,26.9,82.0,588
07/05/21 10:13PM,26.9,82.0,588
07/05/21 10:13PM,26.9,82.2,588
07/05/21 10:13PM,26.9,82.1,589
07/05/21 10:13PM,27.0,82.0,589
07/05/21 10:13PM,27.0,82.0,589
07/05/21 10:13PM,26.9,81.9,589
07/05/21 10:13PM,26.9,81.9,589
07/05/21 10:14PM,26.9,81.9,589
07/05/21 10:14PM,27.0,81.8,589
07/05/21 10:14PM,26.9,81.8,589
07/05/21 10:14PM,27.0,81.8,589
07/05/21 10:14PM,26.9,81.8,589
07/05/21 10:14PM,27.0,81.8,589
07/05/21 10:14PM,26.9,81.8,588
07/05/21 10:14PM,27.0,81.8,589
07/05/21 10:14PM,26.9,81.8,589
07/05/21 10:15PM,26.9,81.8,588
07/05/21 10:15PM,26.9,81.8,589
07/05/21 10:15PM,26.9,81.9,589
07/05/21 10:15PM,26.9,81.9,589
07/05/21 10:15PM,26.9,82.0,589
07/05/21 10:15PM,26.9,82.0,589
07/05/21 10:15PM,26.9,82.0,589
07/05/21 10:15PM,26.9,82.0,588
07/05/21 10:15PM,26.9,82.0,588
07/05/21 10:15PM,26.9,82.0,589
07/05/21 10:15PM,26.9,82.0,588
07/05/21 10:15PM,26.9,82.1,589
07/05/21 10:16PM,26.9,82.1,589
07/05/21 10:16PM,26.9,82.0,589
07/05/21 10:16PM,26.9,82.0,589
07/05/21 10:16PM,26.9,82.1,588
07/05/21 10:16PM,26.9,82.0,589
07/05/21 10:16PM,26.9,82.0,589
07/05/21 10:16PM,26.9,82.1,588
07/05/21 10:16PM,26.9,82.2,589
07/05/21 10:17PM,26.9,82.1,589
07/05/21 10:17PM,26.9,82.1,589
07/05/21 10:17PM,26.9,82.0,589
07/05/21 10:17PM,26.9,82.1,588
07/05/21 10:17PM,26.8,82.0,589
07/05/21 10:17PM,26.9,82.2,589
07/05/21 10:17PM,26.9,82.2,589
07/05/21 10:17PM,26.9,82.2,589
07/05/21 10:17PM,26.9,82.3,589
07/05/21 10:18PM,26.9,82.3,589
07/05/21 10:18PM,26.9,82.3,589
07/05/21 10:18PM,26.9,82.2,589
07/05/21 10:18PM,26.9,82.1,589
07/05/21 10:18PM,26.9,82.1,589
07/05/21 10:18PM,27.0,82.0,589
07/05/21 10:18PM,26.9,82.0,589
07/05/21 10:18PM,27.0,82.1,589
07/05/21 10:18PM,27.0,82.1,588
07/05/21 10:18PM,27.0,82.0,589
07/05/21 10:19PM,27.0,82.0,589
07/05/21 10:19PM,27.0,82.0,589
07/05/21 10:19PM,27.0,82.0,589
07/05/21 10:19PM,27.0,81.9,588
07/05/21 10:19PM,27.0,81.8,589
07/05/21 10:19PM,27.1,81.8,588
07/05/21 10:19PM,27.0,81.8,589
07/05/21 10:19PM,27.0,81.8,589
07/05/21 10:19PM,27.0,81.8,588
07/05/21 10:19PM,27.1,81.8,589
07/05/21 10:20PM,27.1,81.8,589
07/05/21 10:20PM,27.0,81.7,589
07/05/21 10:20PM,27.1,81.7,589
07/05/21 10:20PM,27.1,81.7,588
07/05/21 10:20PM,27.1,81.7,589
07/05/21 10:20PM,27.1,81.6,589
07/05/21 10:20PM,27.1,81.6,589
07/05/21 10:20PM,27.0,81.5,588
07/05/21 10:20PM,27.0,81.6,588
07/05/21 10:20PM,27.0,81.7,587
07/05/21 10:21PM,27.0,81.8,588
07/05/21 10:21PM,27.0,81.8,589
07/05/21 10:21PM,27.0,82.1,589
07/05/21 10:21PM,27.0,82.1,589
07/05/21 10:21PM,27.0,82.0,588
07/05/21 10:21PM,27.0,82.1,588
07/05/21 10:21PM,27.0,82.0,589
07/05/21 10:21PM,27.0,82.0,589
07/05/21 10:21PM,27.0,82.0,589
07/05/21 10:22PM,27.0,82.0,589
07/05/21 10:22PM,27.0,82.0,589
07/05/21 10:22PM,27.0,82.1,589
07/05/21 10:22PM,27.0,81.9,589
07/05/21 10:22PM,27.0,81.9,588
07/05/21 10:22PM,27.0,81.9,589
07/05/21 10:22PM,27.0,81.8,589
07/05/21 10:22PM,27.0,81.8,589
07/05/21 10:22PM,27.0,81.9,589
07/05/21 10:22PM,27.0,81.9,588
07/05/21 10:23PM,27.0,81.9,588
07/05/21 10:23PM,27.0,81.9,589
07/05/21 10:23PM,27.0,82.1,589
07/05/21 10:23PM,27.0,82.0,588
07/05/21 10:23PM,27.0,82.0,588
07/05/21 10:23PM,27.0,82.1,589
07/05/21 10:23PM,26.9,82.1,589
07/05/21 10:23PM,26.9,82.2,589
07/05/21 10:23PM,26.9,82.3,589
07/05/21 10:23PM,26.9,82.4,588
07/05/21 10:24PM,26.9,82.6,589
07/05/21 10:24PM,26.9,82.5,588
07/05/21 10:24PM,26.9,82.5,588
07/05/21 10:24PM,26.9,82.4,589
07/05/21 10:24PM,26.9,82.4,589
07/05/21 10:24PM,26.9,82.3,589
07/05/21 10:24PM,26.9,82.4,589
07/05/21 10:24PM,26.9,82.2,589
07/05/21 10:24PM,27.0,82.2,588
07/05/21 10:25PM,26.9,82.2,588
07/05/21 10:25PM,26.9,82.2,589
07/05/21 10:25PM,26.9,82.3,589
07/05/21 10:25PM,26.9,82.3,589
07/05/21 10:25PM,26.9,82.3,589
07/05/21 10:25PM,26.9,82.4,589
07/05/21 10:25PM,26.9,82.4,589
07/05/21 10:25PM,26.9,82.4,589
07/05/21 10:25PM,26.9,82.4,589
07/05/21 10:25PM,26.9,82.5,589
07/05/21 10:25PM,26.9,82.5,589
07/05/21 10:25PM,26.9,82.5,589
07/05/21 10:26PM,26.9,82.5,589
07/05/21 10:26PM,26.9,82.6,588
07/05/21 10:26PM,26.9,82.6,589
07/05/21 10:26PM,26.8,82.6,589
07/05/21 10:26PM,26.9,82.9,589
07/05/21 10:26PM,26.9,82.8,589
07/05/21 10:26PM,26.9,82.7,589
07/05/21 10:26PM,26.9,82.6,589
07/05/21 10:26PM,26.9,82.6,589
07/05/21 10:27PM,26.9,82.7,589
07/05/21 10:27PM,26.9,82.6,589
07/05/21 10:27PM,26.9,82.6,589
07/05/21 10:27PM,26.9,82.5,589
07/05/21 10:27PM,26.8,82.6,589
07/05/21 10:27PM,26.8,82.6,589
07/05/21 10:27PM,26.8,82.8,589
07/05/21 10:27PM,26.9,82.8,589
07/05/21 10:27PM,26.8,82.8,589
07/05/21 10:28PM,26.8,82.7,589
07/05/21 10:28PM,26.8,82.7,589
07/05/21 10:28PM,26.8,82.7,589
07/05/21 10:28PM,26.8,82.6,589
07/05/21 10:28PM,26.9,82.7,589
07/05/21 10:28PM,26.9,82.6,589
07/05/21 10:28PM,26.9,82.6,589
07/05/21 10:28PM,26.8,82.6,589
07/05/21 10:28PM,26.8,82.5,588
07/05/21 10:28PM,26.8,82.6,588
07/05/21 10:29PM,26.8,82.5,589
07/05/21 10:29PM,26.8,82.6,589
07/05/21 10:29PM,26.8,82.6,589
07/05/21 10:29PM,26.8,82.6,589
07/05/21 10:29PM,26.8,82.6,589
07/05/21 10:29PM,26.8,82.7,589
07/05/21 10:29PM,26.8,82.7,589
07/05/21 10:29PM,26.8,82.7,588
07/05/21 10:29PM,26.8,82.6,589
07/05/21 10:30PM,26.8,82.6,588
07/05/21 10:30PM,26.8,82.6,589
07/05/21 10:30PM,26.8,82.5,589
07/05/21 10:30PM,26.8,82.6,589
07/05/21 10:30PM,26.8,82.6,589
07/05/21 10:30PM,26.9,82.6,589
07/05/21 10:30PM,26.8,82.5,589
07/05/21 10:30PM,26.8,82.5,589
07/05/21 10:30PM,26.8,82.5,589
07/05/21 10:30PM,26.9,82.5,589
07/05/21 10:30PM,26.9,82.5,589
07/05/21 10:31PM,26.9,82.4,589
07/05/21 10:31PM,26.9,82.4,589
07/05/21 10:31PM,26.9,82.3,589
07/05/21 10:31PM,26.9,82.3,589
07/05/21 10:31PM,26.9,82.3,589
07/05/21 10:31PM,26.9,82.2,589
07/05/21 10:31PM,27.0,82.2,589
07/05/21 10:31PM,26.9,82.1,589
07/05/21 10:31PM,26.9,82.1,589
07/05/21 10:31PM,27.0,82.4,589
07/05/21 10:32PM,26.9,82.3,589
07/05/21 10:32PM,27.0,82.2,589
07/05/21 10:32PM,27.0,82.2,589
07/05/21 10:32PM,27.0,82.1,589
07/05/21 10:32PM,27.0,82.1,589
07/05/21 10:32PM,27.0,82.0,588
07/05/21 10:32PM,26.9,82.0,589
07/05/21 10:32PM,27.0,82.0,589
07/05/21 10:33PM,27.0,81.9,589
07/05/21 10:33PM,27.0,82.0,589
07/05/21 10:33PM,26.9,82.0,589
07/05/21 10:33PM,27.0,82.0,589
07/05/21 10:33PM,26.9,82.1,589
07/05/21 10:33PM,26.9,82.0,589
07/05/21 10:33PM,27.0,82.1,589
07/05/21 10:33PM,26.9,82.1,589
07/05/21 10:34PM,26.9,82.1,589
07/05/21 10:34PM,26.9,82.1,589
07/05/21 10:34PM,26.9,82.1,589
07/05/21 10:34PM,26.9,82.1,589
07/05/21 10:34PM,26.9,82.1,589
07/05/21 10:34PM,26.9,82.2,589
07/05/21 10:34PM,26.9,82.2,589
07/05/21 10:34PM,26.9,82.2,589
07/05/21 10:34PM,26.9,82.2,589
07/05/21 10:34PM,26.9,82.1,589
07/05/21 10:35PM,26.9,82.1,589
07/05/21 10:35PM,26.9,82.0,589
07/05/21 10:35PM,26.9,82.0,589
07/05/21 10:35PM,26.8,82.1,588
07/05/21 10:35PM,26.8,82.2,589
07/05/21 10:35PM,26.8,82.2,589
07/05/21 10:35PM,26.8,82.3,589
07/05/21 10:35PM,26.8,82.4,589
07/05/21 10:36PM,26.8,82.3,589
07/05/21 10:36PM,26.8,82.3,589
07/05/21 10:36PM,26.8,82.3,589
07/05/21 10:36PM,26.9,82.3,589
07/05/21 10:36PM,26.9,82.3,588
07/05/21 10:36PM,26.8,82.3,589
07/05/21 10:36PM,26.9,82.3,589
07/05/21 10:36PM,26.9,82.1,588
07/05/21 10:36PM,26.9,82.1,589
07/05/21 10:37PM,26.9,82.1,589
07/05/21 10:37PM,26.9,82.1,588
07/05/21 10:37PM,26.9,82.1,589
07/05/21 10:37PM,26.8,82.1,589
07/05/21 10:37PM,26.9,82.1,589
07/05/21 10:37PM,26.8,82.1,589
07/05/21 10:37PM,26.8,82.1,589
07/05/21 10:38PM,26.8,82.2,589
07/05/21 10:38PM,26.8,82.2,589
07/05/21 10:38PM,26.8,82.1,589
07/05/21 10:38PM,26.8,82.2,589
07/05/21 10:38PM,26.8,82.3,589
07/05/21 10:38PM,26.7,82.5,589
07/05/21 10:38PM,26.8,82.5,589
07/05/21 10:38PM,26.7,82.6,588
07/05/21 10:39PM,26.8,82.6,588
07/05/21 10:39PM,26.7,82.7,589
07/05/21 10:39PM,26.8,82.6,589
07/05/21 10:39PM,26.8,82.4,589
07/05/21 10:39PM,26.8,82.4,589
07/05/21 10:39PM,26.9,82.3,589
07/05/21 10:39PM,26.9,82.2,589
07/05/21 10:39PM,26.9,82.2,589
07/05/21 10:40PM,26.9,82.2,589
07/05/21 10:40PM,26.9,82.1,589
07/05/21 10:40PM,26.9,82.0,589
07/05/21 10:40PM,26.9,82.1,589
07/05/21 10:40PM,26.9,82.2,589
07/05/21 10:40PM,26.9,82.1,589
07/05/21 10:40PM,26.9,82.1,589
07/05/21 10:40PM,26.8,82.0,589
07/05/21 10:41PM,26.8,82.3,589
07/05/21 10:41PM,26.8,82.3,589
07/05/21 10:41PM,26.7,82.4,589
07/05/21 10:41PM,26.7,82.6,589
07/05/21 10:41PM,26.7,82.7,589
07/05/21 10:41PM,26.7,82.9,589
07/05/21 10:41PM,26.7,82.9,589
07/05/21 10:42PM,26.7,82.7,589
07/05/21 10:42PM,26.7,82.7,589
07/05/21 10:42PM,26.7,82.7,589
07/05/21 10:42PM,26.8,82.6,589
07/05/21 10:42PM,26.8,82.6,589
07/05/21 10:42PM,26.8,82.3,589
07/05/21 10:42PM,26.8,82.3,588
07/05/21 10:42PM,26.8,82.3,588
07/05/21 10:42PM,26.8,82.3,589
07/05/21 10:43PM,26.8,82.2,589
07/05/21 10:43PM,26.8,82.2,589
07/05/21 10:43PM,26.8,82.3,589
07/05/21 10:43PM,26.8,82.2,589
07/05/21 10:43PM,26.9,82.3,589
07/05/21 10:43PM,26.9,82.2,589
07/05/21 10:43PM,26.9,82.1,588
07/05/21 10:43PM,26.9,82.0,589
07/05/21 10:43PM,26.9,82.0,588
07/05/21 10:43PM,26.9,82.0,589
07/05/21 10:44PM,26.9,82.0,589
07/05/21 10:44PM,26.9,82.0,589
07/05/21 10:44PM,26.9,82.0,607
07/05/21 10:45PM,26.9,82.0,589
07/05/21 10:46PM,26.9,81.8,589
07/05/21 10:47PM,26.9,81.9,589
07/05/21 10:47PM,26.8,82.0,589
07/05/21 10:48PM,26.8,82.1,590
07/05/21 10:49PM,26.8,82.0,589
07/05/21 10:49PM,26.8,82.1,589
07/05/21 10:50PM,26.8,82.1,589
07/05/21 10:50PM,26.8,82.2,589
07/05/21 10:51PM,26.8,82.5,589
07/05/21 10:52PM,26.8,82.5,589
07/05/21 10:52PM,26.8,82.3,590
07/05/21 10:53PM,26.7,82.4,589
07/05/21 10:53PM,26.7,82.6,589
07/05/21 10:54PM,26.8,82.5,589
07/05/21 10:54PM,26.8,82.3,589
07/05/21 10:55PM,26.8,82.4,589
07/05/21 10:56PM,26.8,82.4,590
07/05/21 10:56PM,26.8,82.4,589
07/05/21 10:57PM,26.7,82.6,589
07/05/21 10:57PM,26.8,82.5,590
07/05/21 10:58PM,26.8,82.5,589
07/05/21 10:59PM,26.9,82.3,590
07/05/21 11:00PM,26.8,82.3,589
07/05/21 11:00PM,26.8,82.4,590
07/05/21 11:01PM,26.8,82.5,590
